variant_id,cm_l2d_501,cm_l2l_501,cm_l2d_2001
chr7:117665559:T>G,0.04752158373594284,0.027008993551135063,0.04910080134868622
chr7:117665559:T>A,0.04752158373594284,0.027008993551135063,0.04910080134868622
chr7:117665555:A>T,0.014084188267588615,0.008241856470704079,0.01408418919891119
chr7:117665555:A>C,0.014084188267588615,0.008241856470704079,0.01408418919891119
chr7:117665547:G>A,0.015625007450580597,0.009070349857211113,0.021035809069871902
chr7:117665563:T>G,0.03149319812655449,0.018391475081443787,0.03149320185184479
chr7:117665554:A>T,0.007812557741999626,0.004535298328846693,0.011718791909515858
chr7:117665480:A>T,0.01953127235174179,0.011428693309426308,0.01991807296872139
chr7:117665480:A>C,0.01953127235174179,0.011428693309426308,0.01991807296872139
chr7:117665557:A>C,0.01171875186264515,0.0068571618758141994,0.012352650985121727
chr7:117603753:C>A,0.08673287183046341,0.053318291902542114,0.08708401769399643
chr7:117665543:G>A,0.008734643459320068,0.005003666505217552,0.008734650909900665
chr7:117665543:G>C,0.008734643459320068,0.005003666505217552,0.008734650909900665
chr7:117603747:A>C,0.007812698371708393,0.004619278479367495,0.00873481947928667
chr7:117665538:G>C,0.00015259074280038476,0.00015190250996965915,0.003906292840838432
chr7:117610577:T>A,0.008734705857932568,0.005067125894129276,0.008734705857932568
chr7:117665505:T>A,0.014084198512136936,0.008090503513813019,0.014084202237427235
chr7:117665505:T>G,0.014084198512136936,0.008090503513813019,0.014084202237427235
chr7:117610577:T>G,0.008734705857932568,0.005067125894129276,0.008734705857932568
chr7:117610577:T>C,0.008734705857932568,0.005067125894129276,0.008734705857932568
chr7:117665511:G>C,0.011718815192580223,0.006857268512248993,0.012352711521089077
chr7:117665511:G>T,0.011718815192580223,0.006857268512248993,0.012352711521089077
chr7:117603653:C>G,0.012352700345218182,0.00747528625652194,0.01512886956334114
chr7:117603653:C>A,0.012352700345218182,0.00747528625652194,0.01512886956334114
chr7:117603723:A>C,0.03314569592475891,0.020500769838690758,0.038472168147563934
chr7:117665506:G>C,0.003906301222741604,0.0022703097201883793,0.005524314474314451
chr7:117603757:G>A,0.019918059930205345,0.011917932890355587,0.021395431831479073
chr7:117665548:A>T,0.016106195747852325,0.009279369376599789,0.017027253285050392
chr7:117535290:G>A,0.005524354055523872,0.00334343733265996,0.00676589272916317
chr7:117603735:A>C,0.024705318734049797,0.014709612354636192,0.025012241676449776
chr7:117603756:T>C,0.031493254005908966,0.01900423876941204,0.03886674717068672
chr7:117603692:A>C,0.03050881437957287,0.01821119897067547,0.032914672046899796
chr7:117603765:T>G,0.01746930368244648,0.010408819653093815,0.018321970477700233
chr7:117603718:A>C,0.011048585176467896,0.006632476579397917,0.012352685444056988
chr7:117603765:T>A,0.01746930368244648,0.010408819653093815,0.018321970477700233
chr7:117603718:A>T,0.011048585176467896,0.006632476579397917,0.012352685444056988
chr7:117665476:G>C,0.01746927946805954,0.010081605985760689,0.017900686711072922
chr7:117665476:G>T,0.01746927946805954,0.010081605985760689,0.017900686711072922
chr7:117603587:G>C,0.01171879656612873,0.007203000131994486,0.012352698482573032
chr7:117603587:G>T,0.01171879656612873,0.007203000131994486,0.012352698482573032
chr7:117603769:C>G,0.04367322102189064,0.026274235919117928,0.04453812912106514
chr7:117603769:C>A,0.04367322102189064,0.026274235919117928,0.04453812912106514
chr7:117665472:A>T,0.0001831077825045213,0.0001820465549826622,0.003906304016709328
chr7:117535321:T>C,0.01610589027404785,0.009662112221121788,0.016105899587273598
chr7:117535321:T>G,0.01610589027404785,0.009662112221121788,0.016105899587273598
chr7:117603738:C>T,0.026203975081443787,0.01574544608592987,0.02677995339035988
chr7:117665491:A>C,0.003906255587935448,0.0022909732069820166,0.003906257916241884
chr7:117603728:A>C,0.012352664023637772,0.00737147917971015,0.01295558363199234
chr7:117531013:C>G,0.027621624991297722,0.016595350578427315,0.02762163244187832
chr7:117603728:A>G,0.012352664023637772,0.00737147917971015,0.01295558363199234
chr7:117531013:C>A,0.027621624991297722,0.016595350578427315,0.02762163244187832
chr7:117603728:A>T,0.012352664023637772,0.00737147917971015,0.01295558363199234
chr7:117664694:C>G,0.06629126518964767,0.03834174573421478,0.06697823852300644
chr7:117664694:C>T,0.06629126518964767,0.03834174573421478,0.06697823852300644
chr7:117666945:T>G,0.015625029802322388,0.009049946442246437,0.015625227242708206
chr7:117664760:C>G,0.03360285609960556,0.01992371492087841,0.037057965993881226
chr7:117664760:C>A,0.03360285609960556,0.01992371492087841,0.037057965993881226
chr7:117666945:T>C,0.015625029802322388,0.009049946442246437,0.015625227242708206
chr7:117611601:C>T,0.14164496958255768,0.08730104565620422,0.14169882237911224
chr7:117603711:A>T,0.028168462216854095,0.016986731439828873,0.03075798600912094
chr7:117610550:T>C,0.00552430609241128,0.0031997717451304197,0.005524318665266037
chr7:117603741:T>C,0.031493231654167175,0.018107088282704353,0.032447803765535355
chr7:117603777:A>C,0.019531315192580223,0.011560927145183086,0.02103584259748459
chr7:117535311:A>T,0.016572821885347366,0.010043129324913025,0.016572831198573112
chr7:117664699:A>T,0.02816837467253208,0.016081489622592926,0.030004480853676796
chr7:117664699:A>C,0.02816837467253208,0.016081489622592926,0.030004480853676796
chr7:117665533:T>G,0.012352650985121727,0.007258706260472536,0.017026957124471664
chr7:117591945:A>T,0.03515919670462608,0.022153154015541077,0.03515920042991638
chr7:117534358:T>A,0.014084207825362682,0.008617246523499489,0.014615869149565697
chr7:117531098:G>C,0.043677035719156265,0.026996063068509102,0.043677158653736115
chr7:117603689:C>G,0.027621403336524963,0.01664222590625286,0.03025774285197258
chr7:117610646:A>G,0.00552436662837863,0.003098181216046214,0.0067659043706953526
chr7:117603693:C>T,0.016105901449918747,0.009277540259063244,0.01657283864915371
chr7:117587796:C>G,0.0039063370786607265,0.002478319685906172,0.0039063384756445885
chr7:117587794:C>A,0.008734677918255329,0.004924144130200148,0.008734680712223053
chr7:117587794:C>G,0.008734677918255329,0.004924144130200148,0.008734680712223053
chr7:117587796:C>A,0.0039063370786607265,0.002478319685906172,0.0039063384756445885
chr7:117603651:T>G,1.6139107174240053e-05,1.6134374163812026e-05,1.6604806660325266e-05
chr7:117603757:G>C,0.043673209846019745,0.02644713968038559,0.04521812126040459
chr7:117603603:C>T,0.016105931252241135,0.009967736899852753,0.01657288521528244
chr7:117603757:G>T,0.03337503597140312,0.020104341208934784,0.035372618585824966
chr7:117535291:T>G,0.01408431213349104,0.008428560569882393,0.014616118744015694
chr7:117603704:G>C,0.02209712564945221,0.013156051747500896,0.023437537252902985
chr7:117603704:G>T,0.02209712564945221,0.013156051747500896,0.023437537252902985
chr7:117665543:G>T,0.00781250186264515,0.0044642724096775055,0.007812504656612873
chr7:117610625:A>C,0.02376083843410015,0.013644257560372353,0.024079788476228714
chr7:117594997:T>G,0.008734697476029396,0.00522588612511754,0.00873469840735197
chr7:117592043:T>G,0.011740026995539665,0.007454135920852423,0.011740069836378098
chr7:117594997:T>A,0.008734697476029396,0.00522588612511754,0.00873469840735197
chr7:117531050:T>C,0.0123530188575387,0.008059757761657238,0.012353029102087021
chr7:117611594:T>G,0.003907571546733379,0.002266811905428767,0.0055252257734537125
chr7:117603690:A>T,0.00552432332187891,0.0033161556348204613,0.00781253818422556
chr7:117603633:T>C,0.01235271617770195,0.007264870684593916,0.012352751567959785
chr7:117664707:T>C,0.06833146512508392,0.03930627554655075,0.07919193059206009
chr7:117665463:T>G,0.008734888397157192,0.0050400723703205585,0.010335180908441544
chr7:117603719:C>T,0.022777175530791283,0.013914432376623154,0.023437535390257835
chr7:117480123:G>T,0.011719360947608948,0.008416042663156986,0.011761581525206566
chr7:117535299:C>G,0.01235267985612154,0.006999477744102478,0.012955625541508198
chr7:117535299:C>A,0.01235267985612154,0.006999477744102478,0.012955625541508198
chr7:117664689:T>C,0.2406785786151886,0.1492794007062912,0.24083702266216278
chr7:117664826:C>A,0.09536376595497131,0.05758220702409744,0.09608109295368195
chr7:117611725:C>T,0.008734671398997307,0.0050537255592644215,0.008734678849577904
chr7:117664845:C>T,0.033145688474178314,0.018986716866493225,0.034277260303497314
chr7:117664845:C>G,0.033145688474178314,0.018986716866493225,0.034277260303497314
chr7:117664820:A>C,0.42501455545425415,0.2685326337814331,0.42503249645233154
chr7:117664808:A>C,0.031493257731199265,0.017953475937247276,0.035372648388147354
chr7:117664812:A>T,0.04367328807711601,0.02479718066751957,0.049718521535396576
chr7:117664731:A>T,0.0422525554895401,0.0253079105168581,0.04296875
chr7:117664812:A>C,0.04367328807711601,0.02479718066751957,0.049718521535396576
chr7:117666975:T>G,0.003906492609530687,0.0021958493161946535,0.003906778059899807
chr7:117603594:T>G,0.04768186807632446,0.027775315567851067,0.04894518107175827
chr7:117531047:C>T,0.04314909130334854,0.028201602399349213,0.04314909130334854
chr7:117603594:T>A,0.04768186807632446,0.027775315567851067,0.04894518107175827
chr7:117603594:T>C,0.04768186807632446,0.027775315567851067,0.04894518107175827
chr7:117531055:G>T,0.03707152605056763,0.02304578572511673,0.03707152605056763
chr7:117540222:T>C,0.011048565618693829,0.0068602534011006355,0.011048565618693829
chr7:117540222:T>A,0.011048565618693829,0.0068602534011006355,0.011048565618693829
chr7:117603782:G>T,0.874495804309845,0.6358106136322021,0.8754462003707886
chr7:117531113:A>G,0.6371486783027649,0.4893101751804352,0.6371487379074097
chr7:117611714:G>T,0.003906368277966976,0.0022498462349176407,0.003906375262886286
chr7:117603727:A>T,0.005524331703782082,0.0032183167058974504,0.006765978876501322
chr7:117603727:A>C,0.005524331703782082,0.0032183167058974504,0.006765978876501322
chr7:117611714:G>C,0.0039063673466444016,0.002285919850692153,0.003906391095370054
chr7:117540305:C>A,0.008735026232898235,0.0054863011464476585,0.00873502716422081
chr7:117666915:A>T,0.027343811467289925,0.01578401029109955,0.027343854308128357
chr7:117666915:A>C,0.027343811467289925,0.01578401029109955,0.027343854308128357
chr7:117610574:T>C,0.00781290140002966,0.004587284754961729,0.00781290140002966
chr7:117603638:G>T,0.003906329162418842,0.002344741253182292,0.005524329375475645
chr7:117603638:G>C,0.003906329162418842,0.002344741253182292,0.005524329375475645
chr7:117603686:G>A,0.019531289115548134,0.01166589092463255,0.019918084144592285
chr7:117603686:G>T,0.019531289115548134,0.01166589092463255,0.019918084144592285
chr7:117531040:C>T,0.019535358995199203,0.01221784669905901,0.019535385072231293
chr7:117531040:C>A,0.019535358995199203,0.01221784669905901,0.019535385072231293
chr7:117603686:G>C,0.019531289115548134,0.01166589092463255,0.019918084144592285
chr7:117603661:G>T,0.06101766973733902,0.03870678320527077,0.06262202560901642
chr7:117603661:G>C,0.06101766973733902,0.03870678320527077,0.06262202560901642
chr7:117591938:G>T,0.023444559425115585,0.014936719089746475,0.023444566875696182
chr7:117666909:T>C,0.027360815554857254,0.016173603013157845,0.027360985055565834
chr7:117666909:T>G,0.027360815554857254,0.016173603013157845,0.027360985055565834
chr7:117603661:G>A,0.06101766973733902,0.03870678320527077,0.06262202560901642
chr7:117587752:T>G,0.003906812518835068,0.002250692807137966,0.003906817641109228
chr7:117531085:A>C,0.06822216510772705,0.04204348474740982,0.06822218745946884
chr7:117531085:A>T,0.06822216510772705,0.04204348474740982,0.06822218745946884
chr7:117530977:T>C,0.008738516829907894,0.005522026214748621,0.008738531731069088
chr7:117592043:T>A,0.011721466667950153,0.007439271546900272,0.01235523633658886
chr7:117610583:C>G,0.014084413647651672,0.007834083400666714,0.014616084285080433
chr7:117603588:T>G,0.024705681949853897,0.014879998750984669,0.026204288005828857
chr7:117504276:A>T,0.022097129374742508,0.013141639530658722,0.022097148001194
chr7:117504276:A>C,0.022097129374742508,0.013141639530658722,0.022097148001194
chr7:117603588:T>C,0.024705681949853897,0.014879998750984669,0.026204288005828857
chr7:117611604:C>T,0.15763938426971436,0.09785395115613937,0.15768778324127197
chr7:117535345:G>C,0.00873473659157753,0.005265682004392147,0.009568504057824612
chr7:117592069:A>T,0.03907831013202667,0.02565690129995346,0.03907831385731697
chr7:117536574:A>T,0.005524330772459507,0.0032662467565387487,0.005524333566427231
chr7:117611632:C>T,0.000366215652320534,0.00036419331445358694,0.00040944156353361905
chr7:117592069:A>C,0.03907831013202667,0.02565690129995346,0.03907831385731697
chr7:117610591:C>A,0.0055245207622647285,0.0030550865922123194,0.006766027305275202
chr7:117610591:C>G,0.0055245207622647285,0.0030550865922123194,0.006766027305275202
chr7:117665529:A>T,0.005524307955056429,0.003251653863117099,0.006765877362340689
chr7:117535318:A>T,0.008735120296478271,0.005358959082514048,0.009568768553435802
chr7:117535318:A>C,0.0039064837619662285,0.0023896959610283375,0.003906498197466135
chr7:117531058:C>G,0.01953522115945816,0.012129470705986023,0.01953524723649025
chr7:117611620:A>C,0.0860552042722702,0.051728807389736176,0.08614382147789001
chr7:117611596:T>A,5.41840709047392e-05,5.417142165242694e-05,0.003906627185642719
chr7:117611700:G>A,0.008734682574868202,0.0051429616287350655,0.008734683506190777
chr7:117603669:T>C,0.01104854978621006,0.006703871302306652,0.011718756519258022
chr7:117665536:A>G,0.0039062583819031715,0.0022446659859269857,0.005524278152734041
chr7:117603707:T>A,0.011718763038516045,0.007034025155007839,0.012955592013895512
chr7:117531062:A>G,0.05313137173652649,0.033523574471473694,0.05313137546181679
chr7:117587775:C>T,0.003906259313225746,0.0022396615240722895,0.00390626210719347
chr7:117610642:C>G,0.00781251024454832,0.004524840973317623,0.007812513038516045
chr7:117610642:C>A,0.00781251024454832,0.004524840973317623,0.007812513038516045
chr7:117611671:T>G,0.005524972453713417,0.0032205728348344564,0.005524973850697279
chr7:117535275:A>C,0.09536373615264893,0.05781392380595207,0.0967143252491951
chr7:117664792:G>T,0.04078246280550957,0.024623749777674675,0.04588806629180908
chr7:117540138:G>A,0.00873520690947771,0.0054527586326003075,0.008735207840800285
chr7:117664792:G>C,0.04078246280550957,0.024623749777674675,0.04588806629180908
chr7:117535317:G>A,0.011048613116145134,0.006671454291790724,0.011718859896063805
chr7:117652897:G>T,0.037784263491630554,0.028642894700169563,0.04576580226421356
chr7:117652897:G>C,0.037784263491630554,0.028642894700169563,0.04576580226421356
chr7:117664733:T>A,0.04367320239543915,0.025885725393891335,0.04654834046959877
chr7:117664733:T>G,0.04367320239543915,0.025885725393891335,0.04654834046959877
chr7:117665487:A>G,0.008734644390642643,0.005095489788800478,0.011718753725290298
chr7:117666983:G>C,0.003906432539224625,0.0022500348277390003,0.0039070709608495235
chr7:117666991:C>G,0.00781255029141903,0.004405348561704159,0.007812948897480965
chr7:117592657:G>C,0.050781942903995514,0.029249615967273712,0.052116598933935165
chr7:117592125:T>C,0.007860234007239342,0.004784602206200361,0.007860253565013409
chr7:117535308:C>G,0.022794857621192932,0.01408037543296814,0.02409648708999157
chr7:117592657:G>T,0.050781942903995514,0.029249615967273712,0.052116598933935165
chr7:117666991:C>A,0.00781255029141903,0.004405348561704159,0.007812948897480965
chr7:117592022:T>G,0.03125135600566864,0.020052937790751457,0.03125135973095894
chr7:117611618:A>C,0.00781283900141716,0.004546092823147774,0.00781283900141716
chr7:117664716:T>A,0.008734666742384434,0.005002556834369898,0.009568343870341778
chr7:117611618:A>T,0.00781283900141716,0.004546092823147774,0.00781283900141716
chr7:117606740:T>A,0.016105882823467255,0.009322053752839565,0.016105882823467255
chr7:117590361:A>T,0.033602919429540634,0.021001063287258148,0.033602919429540634
chr7:117611590:C>T,0.8969541788101196,0.6799777150154114,0.8969541788101196
chr7:117611722:C>T,0.00873471051454544,0.00504201790317893,0.008734820410609245
chr7:117611791:T>G,0.003906430676579475,0.0023069679737091064,0.003906534053385258
chr7:117611758:T>C,7.630332402186468e-05,7.6123840699438e-05,7.631217886228114e-05
chr7:117665535:G>A,0.008734644390642643,0.005123746581375599,0.010334974154829979
chr7:117611758:T>G,0.00390650425106287,0.002301881555467844,0.003906510304659605
chr7:117603666:T>C,0.014084250666201115,0.008514434099197388,0.016105907037854195
chr7:117540236:A>C,0.012352844700217247,0.007194327190518379,0.012352844700217247
chr7:117664793:G>A,0.03050879016518593,0.017670657485723495,0.03050879016518593
chr7:117587750:G>C,0.01610604301095009,0.009992771781980991,0.016106046736240387
chr7:117540236:A>T,0.012352844700217247,0.007194327190518379,0.012352844700217247
chr7:117587750:G>T,0.01610604301095009,0.009992771781980991,0.016106046736240387
chr7:117667072:G>C,0.003906618803739548,0.002260487526655197,0.003906721249222755
chr7:117667072:G>T,0.003906618803739548,0.002260487526655197,0.003906721249222755
chr7:117480103:G>T,0.033203303813934326,0.02346576750278473,0.033232416957616806
chr7:117614687:A>C,0.01562500186264515,0.008908752351999283,0.01562500186264515
chr7:117614687:A>T,0.01562500186264515,0.008908752351999283,0.01562500186264515
chr7:117611746:G>C,0.016105901449918747,0.009269862435758114,0.016105903312563896
chr7:117611746:G>T,0.016105901449918747,0.009269862435758114,0.016105903312563896
chr7:117480103:G>C,0.033203303813934326,0.02346576750278473,0.033232416957616806
chr7:117509110:T>G,0.019531330093741417,0.012488487176597118,0.019531330093741417
chr7:117603712:A>T,0.03050881437957287,0.018253730610013008,0.03149322047829628
chr7:117594937:T>C,0.01408423762768507,0.008304251357913017,0.01408423762768507
chr7:117603712:A>C,0.03050881437957287,0.018253730610013008,0.03149322047829628
chr7:117664713:A>C,0.04555431008338928,0.025885729119181633,0.04956475645303726
chr7:117534279:T>G,0.008734711445868015,0.004929403308779001,0.00873471237719059
chr7:117652843:A>C,0.012059747241437435,0.010488809086382389,0.012059747241437435
chr7:117603611:T>C,0.03847231715917587,0.02310093492269516,0.0422527901828289
chr7:117603618:T>G,0.005524334032088518,0.0031722760759294033,0.006765878759324551
chr7:117603611:T>A,0.03847231715917587,0.02310093492269516,0.0422527901828289
chr7:117531041:A>C,0.04455459117889404,0.02888166904449463,0.04455460608005524
chr7:117592468:G>C,0.0039063142612576485,0.002176340902224183,0.0055243452079594135
chr7:117592468:G>T,0.0039063142612576485,0.002176340902224183,0.0055243452079594135
chr7:117603591:T>C,0.4088889956474304,0.2860315144062042,0.4089822769165039
chr7:117534279:T>A,0.008734711445868015,0.004929403308779001,0.00873471237719059
chr7:117603611:T>G,0.03847231715917587,0.02310093492269516,0.0422527901828289
chr7:117531041:A>T,0.04455459117889404,0.02888166904449463,0.04455460608005524
chr7:117603591:T>A,0.4088889956474304,0.2860315144062042,0.4089822769165039
chr7:117603591:T>G,0.4088889956474304,0.2860315144062042,0.4089822769165039
chr7:117610567:C>A,0.016572851687669754,0.009567535482347012,0.016572855412960052
chr7:117614699:G>A,0.00781260896474123,0.004464366938918829,0.00781260896474123
chr7:117610656:A>C,0.012352751567959785,0.007048153318464756,0.012352753430604935
chr7:117610656:A>T,0.012352751567959785,0.007048153318464756,0.012352753430604935
chr7:117542088:G>C,0.011048628948628902,0.0066179633140563965,0.011048629879951477
chr7:117664757:G>C,0.012352662160992622,0.007021757774055004,0.014615862630307674
chr7:117665467:A>C,0.01562500186264515,0.009174410253763199,0.01562500186264515
chr7:117542088:G>T,0.01408441923558712,0.008485054597258568,0.01408441923558712
chr7:117534346:A>C,0.005524282809346914,0.0033277804031968117,0.005524288862943649
chr7:117610636:A>G,0.007812508381903172,0.004535211715847254,0.011048558168113232
chr7:117627567:G>C,0.014110692776739597,0.008084476925432682,0.014110693708062172
chr7:117610530:T>G,0.008734677918255329,0.00499716866761446,0.008734680712223053
chr7:117664805:C>T,0.06910862773656845,0.04079432785511017,0.06910862773656845
chr7:117627567:G>A,0.014110692776739597,0.008084476925432682,0.014110693708062172
chr7:117587751:T>G,0.003906324040144682,0.0022003776393830776,0.003906325437128544
chr7:117480111:T>C,0.04687555134296417,0.03261237218976021,0.04693937674164772
chr7:117535400:G>T,0.032211784273386,0.019152633845806122,0.032211784273386
chr7:117535400:G>C,0.032211784273386,0.019152633845806122,0.032211784273386
chr7:117535408:A>C,0.011719022877514362,0.007034457754343748,0.011719023808836937
chr7:117535400:G>A,0.032211784273386,0.019152633845806122,0.032211784273386
chr7:117610636:A>T,0.007812508381903172,0.004535211715847254,0.011048558168113232
chr7:117610594:G>C,0.005524386186152697,0.0031819783616811037,0.006765921134501696
chr7:117610594:G>T,0.005524386186152697,0.0031819783616811037,0.006765921134501696
chr7:117611587:G>A,0.02734987623989582,0.016084231436252594,0.02734987810254097
chr7:117611587:G>T,0.02734987623989582,0.016084231436252594,0.02734987810254097
chr7:117610594:G>A,0.003906279802322388,0.0021622132044285536,0.005524314474314451
chr7:117531089:C>G,0.9861581325531006,0.7462168335914612,0.9861581921577454
chr7:117664823:T>A,0.005524373147636652,0.0031433524563908577,0.006765906699001789
chr7:117592369:A>C,0.0002573828969616443,0.00025713176000863314,0.005530372727662325
chr7:117627742:T>C,0.02734510600566864,0.016338448971509933,0.02734510600566864
chr7:117611619:A>G,0.003906718455255032,0.002276092302054167,0.0039067380130290985
chr7:117592369:A>T,0.0002573828969616443,0.00025713176000863314,0.005530372727662325
chr7:117627742:T>G,0.02734510600566864,0.016338448971509933,0.02734510600566864
chr7:117548749:G>T,0.05426744744181633,0.0356837622821331,0.05426744744181633
chr7:117548749:G>C,0.05426744744181633,0.0356837622821331,0.05426744744181633
chr7:117603641:G>A,0.008734704926609993,0.005353540647774935,0.009568378329277039
chr7:117603691:T>G,0.03866994008421898,0.02335084043443203,0.04059499874711037
chr7:117603691:T>A,0.03866994008421898,0.02335084043443203,0.04059499874711037
chr7:117591973:G>C,0.07422250509262085,0.04629725217819214,0.07422251254320145
chr7:117540187:T>G,0.003917616792023182,0.00247797928750515,0.003917620051652193
chr7:117540187:T>A,0.003917616792023182,0.00247797928750515,0.003917620051652193
chr7:117591973:G>T,0.07422250509262085,0.04629725217819214,0.07422251254320145
chr7:117540203:T>G,0.005916394293308258,0.003816997166723013,0.0059163994155824184
chr7:117664829:C>A,0.012352662160992622,0.0073744915425777435,0.012955580838024616
chr7:117627549:T>A,0.003907989710569382,0.0022782704327255487,0.003907992038875818
chr7:117592086:T>A,0.00038649424095638096,0.00038623297587037086,0.003925342578440905
chr7:117627549:T>G,0.011719301342964172,0.006515659391880035,0.011719332076609135
chr7:117664763:A>G,0.05002441257238388,0.0298529714345932,0.05063078925013542
chr7:117592086:T>G,0.00038649424095638096,0.00038623297587037086,0.003925342578440905
chr7:117664763:A>T,0.05002441257238388,0.0298529714345932,0.05063078925013542
chr7:117530914:G>C,0.007814724929630756,0.00478707579895854,0.00781472958624363
chr7:117667062:C>A,0.0039065126329660416,0.002270672470331192,0.003906607627868652
chr7:117592585:T>A,0.007812520489096642,0.004405297338962555,0.00781258475035429
chr7:117592585:T>G,0.007812520489096642,0.004405297338962555,0.00781258475035429
chr7:117536606:A>T,0.008734649047255516,0.004892017692327499,0.008734649047255516
chr7:117536606:A>C,0.008734649047255516,0.004892017692327499,0.008734649047255516
chr7:117530914:G>T,0.007814724929630756,0.00478707579895854,0.00781472958624363
chr7:117535338:T>A,0.005524313542991877,0.003142797388136387,0.005524314474314451
chr7:117540258:G>T,0.008734796196222305,0.005476344842463732,0.008734796196222305
chr7:117664838:C>G,0.00781258475035429,0.00471713300794363,0.011718807741999626
chr7:117611611:C>A,0.022097192704677582,0.012770547531545162,0.02243981324136257
chr7:117611611:C>G,0.022097192704677582,0.012770547531545162,0.02243981324136257
chr7:117603669:T>A,0.01746930368244648,0.01054378505796194,0.01790071837604046
chr7:117664809:G>T,0.008735623210668564,0.004963800311088562,0.012353342957794666
chr7:117610630:C>G,0.0156250037252903,0.008988860063254833,0.01610591448843479
chr7:117642582:G>A,0.0003662221715785563,0.00036419989191927016,0.00036622394691221416
chr7:117592488:C>A,2.4210479750763625e-05,2.4209537514252588e-05,0.0039081210270524025
chr7:117611613:A>T,1.1214121580123901,0.8256450295448303,1.1214394569396973
chr7:117611613:A>G,1.1214121580123901,0.8256450295448303,1.1214394569396973
chr7:117664803:T>G,0.053130749613046646,0.030495626851916313,0.05620115250349045
chr7:117534324:C>T,0.014084193855524063,0.008184763602912426,0.014615863561630249
chr7:117664803:T>C,0.053130749613046646,0.030495626851916313,0.05620115250349045
chr7:117531038:T>A,0.0210377536714077,0.013072019442915916,0.021037772297859192
chr7:117480102:G>T,0.04882900044322014,0.03399500995874405,0.04900067299604416
chr7:117627548:G>C,0.011048787273466587,0.006453158333897591,0.011048810556530952
chr7:117627548:G>T,0.011048787273466587,0.006453158333897591,0.011048810556530952
chr7:117614669:A>T,0.008734644390642643,0.005053250584751368,0.008734644390642643
chr7:117614669:A>G,0.008734644390642643,0.005053250584751368,0.008734644390642643
chr7:117664751:G>A,0.06176324188709259,0.0364474356174469,0.06754538416862488
chr7:117592155:C>T,0.003920567221939564,0.0023793699219822884,0.003920606803148985
chr7:117534327:G>T,0.00390659412369132,0.0023504733107984066,0.00552441505715251
chr7:117548807:C>A,0.01408461108803749,0.008099888451397419,0.014084612019360065
chr7:117530987:T>G,0.014087053015828133,0.008297055959701538,0.014087066054344177
chr7:117530987:T>A,0.014087053015828133,0.008297055959701538,0.014087066054344177
chr7:117534336:C>G,0.011718759313225746,0.006764428224414587,0.011718761175870895
chr7:117534336:C>T,0.021035805344581604,0.012670747004449368,0.021395418792963028
chr7:117611806:C>A,0.21906402707099915,0.1353948414325714,0.21906407177448273
chr7:117611806:C>T,0.21906402707099915,0.1353948414325714,0.21906407177448273
chr7:117540186:T>A,0.01171955931931734,0.0073995874263346195,0.011719560250639915
chr7:117540186:T>C,0.01171955931931734,0.0073995874263346195,0.011719560250639915
chr7:117534277:C>A,0.023760827258229256,0.014181461185216904,0.024079779163002968
chr7:117592486:G>A,0.007812857627868652,0.00441560847684741,0.01746956631541252
chr7:117592055:T>G,0.023439807817339897,0.015079264529049397,0.023439811542630196
chr7:117610617:G>T,0.01657290756702423,0.00958841573446989,0.017027046531438828
chr7:117610617:G>C,0.01657290756702423,0.00958841573446989,0.017027046531438828
chr7:117592055:T>A,0.023439807817339897,0.015079264529049397,0.023439811542630196
chr7:117534277:C>G,0.023760827258229256,0.014181461185216904,0.024079779163002968
chr7:117592486:G>C,0.007812857627868652,0.00441560847684741,0.01746956631541252
chr7:117611589:C>A,0.023437608033418655,0.013761883601546288,0.023437608033418655
chr7:117611589:C>G,0.023437608033418655,0.013761883601546288,0.023437608033418655
chr7:117610553:T>C,0.007812513038516045,0.004301096312701702,0.007812525145709515
chr7:117592486:G>T,0.007812857627868652,0.00441560847684741,0.01746956631541252
chr7:117540210:T>G,0.008749023079872131,0.005501491483300924,0.00874902494251728
chr7:117540210:T>A,0.008749023079872131,0.005501491483300924,0.00874902494251728
chr7:117627669:T>C,0.005525269079953432,0.0032305438071489334,0.005525270011276007
chr7:117592589:T>A,0.007812532596290112,0.004405296873301268,0.008734813891351223
chr7:117592589:T>C,0.007812532596290112,0.004405296873301268,0.008734813891351223
chr7:117652903:A>G,0.02131168358027935,0.014929582364857197,0.023052887991070747
chr7:117652903:A>C,0.02131168358027935,0.014929582364857197,0.023052887991070747
chr7:117535306:G>T,0.014084328897297382,0.008598284795880318,0.014084330759942532
chr7:117652903:A>T,0.02131168358027935,0.014929582364857197,0.023052887991070747
chr7:117531044:C>A,0.08354661613702774,0.05132274702191353,0.08354663103818893
chr7:117531044:C>T,0.08354661613702774,0.05132274702191353,0.08354663103818893
chr7:117531044:C>G,0.08354661613702774,0.05132274702191353,0.08354663103818893
chr7:117559520:G>T,0.016105907037854195,0.009678112342953682,0.016105907037854195
chr7:117548728:T>C,0.008734799921512604,0.005666100420057774,0.008734800852835178
chr7:117610566:A>C,0.01746930181980133,0.010100200772285461,0.01746930554509163
chr7:117540235:A>T,0.00873604230582714,0.005067226942628622,0.008736043237149715
chr7:117540235:A>C,0.00873604230582714,0.005067226942628622,0.008736043237149715
chr7:117642491:T>G,0.003906261641532183,0.0022346582263708115,0.003906905651092529
chr7:117610566:A>T,0.01746930181980133,0.010100200772285461,0.01746930554509163
chr7:117614702:G>C,0.012352650985121727,0.007104722782969475,0.012352650985121727
chr7:117614702:G>T,0.012352650985121727,0.007104722782969475,0.012352650985121727
chr7:117667065:T>C,0.003907758742570877,0.0022675504442304373,0.00390793988481164
chr7:117610570:T>C,0.01991824433207512,0.011596346274018288,0.01991824433207512
chr7:117610664:C>A,0.007812509313225746,0.004484312608838081,0.00781251024454832
chr7:117590366:G>A,0.41332945227622986,0.26864099502563477,0.41332945227622986
chr7:117610570:T>G,0.017469516023993492,0.010155799798667431,0.01746951788663864
chr7:117642489:T>C,0.003906256519258022,0.0021905419416725636,0.003906259313225746
chr7:117534298:T>C,0.00873465184122324,0.005278044380247593,0.009568330831825733
chr7:117534298:T>G,0.00873465184122324,0.005278044380247593,0.009568330831825733
chr7:117611599:C>T,0.0322142094373703,0.018576031550765038,0.0322142131626606
chr7:117594982:C>T,0.012352661229670048,0.0072953845374286175,0.012352661229670048
chr7:117559565:G>T,0.007812506519258022,0.004750621505081654,0.007812507450580597
chr7:117642502:T>G,0.01562500186264515,0.009302384220063686,0.015625590458512306
chr7:117559565:G>C,0.007812506519258022,0.004750621505081654,0.007812507450580597
chr7:117559565:G>A,0.007812506519258022,0.004750621505081654,0.007812507450580597
chr7:117627529:C>G,0.008734691888093948,0.005172811448574066,0.008734723553061485
chr7:117664810:T>A,0.04768203943967819,0.027263732627034187,0.052698370069265366
chr7:117664822:C>G,0.012352671474218369,0.0073617855086922646,0.012955596670508385
chr7:117559646:A>T,0.017469285055994987,0.01054262463003397,0.017469286918640137
chr7:117559646:A>C,0.017469285055994987,0.01054262463003397,0.017469286918640137
chr7:117664730:G>C,0.007812511175870895,0.004484314937144518,0.008734663017094135
chr7:117540260:A>T,0.005524400621652603,0.0034483715426176786,0.005524401552975178
chr7:117530943:A>G,0.02376173995435238,0.014207852073013783,0.023761745542287827
chr7:117664810:T>G,0.053130924701690674,0.03033592738211155,0.06038931384682655
chr7:117592583:G>T,0.003906848840415478,0.002205867087468505,0.008734987117350101
chr7:117592583:G>C,0.003906848840415478,0.002205867087468505,0.008734987117350101
chr7:117667103:C>T,0.003913288936018944,0.002251874888315797,0.003914291504770517
chr7:117531029:C>T,0.003907583653926849,0.002517014043405652,0.003907590638846159
chr7:117536586:T>A,0.007813210599124432,0.00467381626367569,0.007813249714672565
chr7:117534365:A>T,0.0314941331744194,0.01894417405128479,0.0314941331744194
chr7:117627708:T>C,0.011720904149115086,0.006814189255237579,0.01172090508043766
chr7:117664703:G>T,0.08992862701416016,0.05409048870205879,0.0902673527598381
chr7:117627708:T>A,0.011720904149115086,0.006814189255237579,0.01172090508043766
chr7:117534365:A>C,0.0314941331744194,0.01894417405128479,0.0314941331744194
chr7:117531095:T>A,0.0087434658780694,0.005197635851800442,0.008743470534682274
chr7:117664703:G>C,0.08992862701416016,0.05409048870205879,0.0902673527598381
chr7:117480101:A>T,0.03710971027612686,0.02720327489078045,0.03759811818599701
chr7:117536586:T>G,0.007813210599124432,0.00467381626367569,0.007813249714672565
chr7:117611581:G>T,0.5004719495773315,0.3363891541957855,0.500487208366394
chr7:117614709:G>A,0.019918052479624748,0.011422042734920979,0.019918052479624748
chr7:117592475:C>A,0.003906278870999813,0.0022149006836116314,0.0055243754759430885
chr7:117542036:A>C,0.012352656573057175,0.007328942883759737,0.01235265750437975
chr7:117542036:A>T,0.012352656573057175,0.007328942883759737,0.01235265750437975
chr7:117642571:A>T,0.014084186404943466,0.008281408809125423,0.014086814597249031
chr7:117592475:C>G,0.00015262952365446836,0.00015189537953119725,0.00018629366240929812
chr7:117548766:T>A,0.008734718896448612,0.005570840090513229,0.008734718896448612
chr7:117509111:T>A,0.008734719827771187,0.005650618113577366,0.008734723553061485
chr7:117548766:T>G,0.008734718896448612,0.005570840090513229,0.008734718896448612
chr7:117614648:T>G,0.003906285855919123,0.0022548919077962637,0.00390628632158041
chr7:117592383:T>A,3.0887487810105085e-05,3.088565426878631e-05,0.008734691888093948
chr7:117614648:T>A,0.003906285855919123,0.0022548919077962637,0.00390628632158041
chr7:117530938:A>C,0.016105936840176582,0.010206608101725578,0.01610594056546688
chr7:117667080:A>T,0.011721411719918251,0.006876735016703606,0.011721756309270859
chr7:117664749:G>T,0.03866990655660629,0.0226393211632967,0.04059494659304619
chr7:117606746:T>C,0.005524275824427605,0.003204096108675003,0.0055242786183953285
chr7:117652902:G>T,0.02343750186264515,0.02054867334663868,0.03177208453416824
chr7:117664849:T>G,0.016572829335927963,0.009794446639716625,0.017026957124471664
chr7:117665470:T>A,0.011718757450580597,0.006734027992933989,0.0123526556417346
chr7:117664849:T>A,0.016572829335927963,0.009794446639716625,0.017026957124471664
chr7:117610658:T>A,0.01408418733626604,0.008069192059338093,0.01408418919891119
chr7:117540339:A>C,0.023437539115548134,0.014423404820263386,0.023437539115548134
chr7:117610658:T>G,0.01408418733626604,0.008069192059338093,0.01408418919891119
chr7:117531093:G>A,0.03847476467490196,0.023223595693707466,0.03847476840019226
chr7:117531093:G>T,0.05313611030578613,0.032427769154310226,0.05313611030578613
chr7:117531093:G>C,0.05313611030578613,0.032427769154310226,0.05313611030578613
chr7:117542050:A>T,0.025012321770191193,0.014993233606219292,0.025012323632836342
chr7:117535343:T>G,0.022777225822210312,0.01359018124639988,0.025615235790610313
chr7:117666987:T>C,0.00390637619420886,0.002249885583296418,0.003906832542270422
chr7:117614713:G>T,0.2961030602455139,0.1809220016002655,0.2961030602455139
chr7:117666987:T>G,0.00390637619420886,0.002249885583296418,0.003906832542270422
chr7:117606724:C>G,0.014084188267588615,0.007875275798141956,0.014084218069911003
chr7:117606724:C>A,0.014084188267588615,0.007875275798141956,0.014084218069911003
chr7:117614713:G>C,0.2961030602455139,0.1809220016002655,0.2961030602455139
chr7:117614658:A>G,0.005524279549717903,0.0032178740948438644,0.0055242800153791904
chr7:117666987:T>A,0.00390637619420886,0.002249885583296418,0.003906832542270422
chr7:117606730:C>T,0.008734645321965218,0.005054242443293333,0.008734660223126411
chr7:117610668:A>T,0.05426742136478424,0.03203930705785751,0.054407842457294464
chr7:117610668:A>C,0.05426742136478424,0.03203930705785751,0.054407842457294464
chr7:117509044:A>G,0.050024405121803284,0.03136124834418297,0.05002441257238388
chr7:117534307:A>T,0.008734681643545628,0.005267968866974115,0.009568335488438606
chr7:117535355:C>A,0.008734718896448612,0.004913600627332926,0.00873475056141615
chr7:117535355:C>G,0.008734718896448612,0.004913600627332926,0.00873475056141615
chr7:117614618:G>C,0.008735508657991886,0.005090824328362942,0.00873551145195961
chr7:117509074:C>T,0.011048568412661552,0.007065036799758673,0.011048569343984127
chr7:117614618:G>A,0.01235293596982956,0.007240215316414833,0.01235293596982956
chr7:117592137:G>T,0.07624281197786331,0.05037244036793709,0.07624281197786331
chr7:117610669:G>T,0.7134017944335938,0.46949079632759094,0.7140859365463257
chr7:117606745:T>C,0.003906307741999626,0.0021955203264951706,0.003906309138983488
chr7:117530989:T>C,0.01991916261613369,0.01190949697047472,0.01991918869316578
chr7:117592472:G>T,0.003906319383531809,0.0022347443737089634,0.005524429026991129
chr7:117592472:G>C,0.003906319383531809,0.0022347443737089634,0.005524429026991129
chr7:117542053:A>T,0.0039062704890966415,0.0023015388287603855,0.003906271420419216
chr7:117531086:T>C,0.05313188210129738,0.033216215670108795,0.05313190445303917
chr7:117610586:C>T,0.01610591448843479,0.009215286001563072,0.017900720238685608
chr7:117587782:A>T,0.026203980669379234,0.01631208509206772,0.026203980669379234
chr7:117611659:A>G,0.003906307741999626,0.002195520093664527,0.003906359896063805
chr7:117592137:G>C,0.07624281197786331,0.05037244036793709,0.07624281197786331
chr7:117536571:G>T,0.008734647184610367,0.005229361820966005,0.008734648115932941
chr7:117592024:G>T,0.10327234119176865,0.06730132550001144,0.10327234864234924
chr7:117535375:T>A,0.005524332169443369,0.003132407320663333,0.0055243331007659435
chr7:117667100:A>G,0.00018327492580283433,0.00018317501235287637,0.00019228381279390305
chr7:117591962:A>G,0.027346065267920494,0.017838414758443832,0.027346068993210793
chr7:117627687:G>T,0.007815700024366379,0.004561234265565872,0.007815700955688953
chr7:117592024:G>C,0.028103265911340714,0.01819874905049801,0.028103280812501907
chr7:117614639:A>T,0.008734649047255516,0.00499458285048604,0.00873465184122324
chr7:117627687:G>C,0.007813776843249798,0.0045579466968774796,0.007813777774572372
chr7:117536607:A>G,0.00552429398521781,0.0032705559860914946,0.00552429398521781
chr7:117591962:A>T,0.011718953028321266,0.007604912389069796,0.011718963272869587
chr7:117603701:A>C,0.008734696544706821,0.005192711018025875,0.009568392299115658
chr7:117540194:G>A,0.011719614267349243,0.0074179694056510925,0.011719614267349243
chr7:117592041:A>C,0.011732256971299648,0.007658638991415501,0.011732278391718864
chr7:117610645:C>A,0.003906379919499159,0.0021718102507293224,0.003906386438757181
chr7:117540165:T>A,0.015643982216715813,0.009980090893805027,0.015643982216715813
chr7:117540194:G>C,0.011719614267349243,0.0074179694056510925,0.011719614267349243
chr7:117595010:G>T,0.12579095363616943,0.07813265919685364,0.12579095363616943
chr7:117540194:G>T,0.011719614267349243,0.0074179694056510925,0.011719614267349243
chr7:117540131:T>G,0.01992165856063366,0.01244429498910904,0.01992166042327881
chr7:117664758:T>C,0.016572821885347366,0.00976735632866621,0.016572827473282814
chr7:117664758:T>G,0.016572821885347366,0.00976735632866621,0.016572827473282814
chr7:117540287:C>G,0.02734379470348358,0.016807183623313904,0.02734379656612873
chr7:117610540:G>A,0.00781283900141716,0.00434841075912118,0.007812839932739735
chr7:117540177:T>G,0.005526202265173197,0.00350422621704638,0.005526204127818346
chr7:117534303:G>A,0.003906340803951025,0.0023069146554917097,0.005524325650185347
chr7:117590355:C>G,0.03867010399699211,0.024382546544075012,0.03867011517286301
chr7:117592598:A>G,0.003906338009983301,0.00223478302359581,0.005524547304958105
chr7:117559522:A>T,0.02103583887219429,0.01267588883638382,0.02103583887219429
chr7:117592004:G>A,0.07046420872211456,0.04629014432430267,0.07046421617269516
chr7:117530936:G>A,0.03360344469547272,0.021091705188155174,0.033603448420763016
chr7:117531064:C>G,0.029752744361758232,0.018556581810116768,0.029752761125564575
chr7:117535270:T>C,0.0039062704890966415,0.0023612724617123604,0.005524291191250086
chr7:117535258:T>C,0.012352659367024899,0.007536463439464569,0.012955579906702042
chr7:117592488:C>T,3.8544840208487585e-05,3.8540711102541536e-05,0.011719172820448875
chr7:117536631:G>T,0.008734667673707008,0.005246229004114866,0.008734669536352158
chr7:117536631:G>A,0.008734667673707008,0.005246229004114866,0.008734669536352158
chr7:117559477:T>G,0.0117188710719347,0.007017754949629307,0.011718873865902424
chr7:117594973:C>T,0.01746930368244648,0.01048886775970459,0.01746930554509163
chr7:117535312:T>C,0.007812539115548134,0.004807774908840656,0.007812540978193283
chr7:117559467:T>G,0.031250011175870895,0.01877989061176777,0.031250011175870895
chr7:117480107:C>G,0.02343790978193283,0.016690801829099655,0.023458683863282204
chr7:117603647:A>G,0.011048613116145134,0.0063592130318284035,0.012352718971669674
chr7:117542049:G>A,0.011718777939677238,0.007117556408047676,0.011718779802322388
chr7:117509131:T>G,0.03493856266140938,0.022712895646691322,0.03493856266140938
chr7:117534294:C>A,0.021035805344581604,0.012101919390261173,0.021395418792963028
chr7:117559477:T>A,0.003907598555088043,0.00232517858967185,0.003907605540007353
chr7:117610541:C>G,0.008734749630093575,0.005001593381166458,0.008734751492738724
chr7:117548822:A>G,0.9489282965660095,0.7182738780975342,0.9489282965660095
chr7:117611764:T>G,0.003906377125531435,0.0023123256396502256,0.003906547091901302
chr7:117611764:T>C,0.003906377125531435,0.0023123256396502256,0.003906547091901302
chr7:117627637:A>T,0.007815022952854633,0.004743522964417934,0.007815023884177208
chr7:117627637:A>C,0.007815022952854633,0.004743522964417934,0.007815023884177208
chr7:117530929:C>A,0.0087352953851223,0.005434177350252867,0.008735300041735172
chr7:117627707:A>T,0.016109762713313103,0.009257028810679913,0.016109764575958252
chr7:117559520:G>C,0.011718768626451492,0.007034035865217447,0.011718768626451492
chr7:117559531:G>A,0.023437634110450745,0.014151408337056637,0.023437634110450745
chr7:117504363:G>T,0.9485298991203308,0.6483811736106873,0.9485298991203308
chr7:117627707:A>C,0.016109762713313103,0.009257028810679913,0.016109764575958252
chr7:117504363:G>C,0.9485298991203308,0.6483811736106873,0.9485298991203308
chr7:117535354:T>A,0.005524302367120981,0.0033674335572868586,0.005524304695427418
chr7:117509041:G>A,0.04719940572977066,0.02922431007027626,0.04719940572977066
chr7:117603612:A>G,0.012352964840829372,0.007355955429375172,0.017027180641889572
chr7:117592062:A>T,0.02157547138631344,0.01465573813766241,0.021926240995526314
chr7:117504275:A>G,0.012352678924798965,0.00731703033670783,0.012352678924798965
chr7:117540291:T>A,0.005524449050426483,0.0032111848704516888,0.005524449981749058
chr7:117603612:A>C,0.03360297158360481,0.020300665870308876,0.03580150380730629
chr7:117627559:T>G,0.015640607103705406,0.008667468093335629,0.015640636906027794
chr7:117627559:T>A,0.015640607103705406,0.008667468093335629,0.015640636906027794
chr7:117627559:T>C,0.015640607103705406,0.008667468093335629,0.015640636906027794
chr7:117480132:C>G,0.027344122529029846,0.019636493176221848,0.027349039912223816
chr7:117587830:C>G,0.026204103603959084,0.015588232316076756,0.026204105466604233
chr7:117610667:A>T,0.2403627336025238,0.14880569279193878,0.24064822494983673
chr7:117610667:A>G,0.2403627336025238,0.14880569279193878,0.24064822494983673
chr7:117535354:T>C,0.00873466208577156,0.005348428152501583,0.009568341076374054
chr7:117610573:A>T,0.0055251033045351505,0.003211506176739931,0.0055251047015190125
chr7:117627745:C>T,0.011719394475221634,0.006953609175980091,0.011719394475221634
chr7:117595015:T>C,0.022777162492275238,0.013582982122898102,0.022777162492275238
chr7:117627557:C>G,0.005529067479074001,0.0032158775720745325,0.005529152695089579
chr7:117627557:C>A,0.005529067479074001,0.0032158775720745325,0.005529152695089579
chr7:117627568:A>C,0.00874031987041235,0.005172365810722113,0.00874031987041235
chr7:117627568:A>G,0.00874031987041235,0.005172365810722113,0.00874031987041235
chr7:117548806:T>C,0.01953130029141903,0.011806600727140903,0.01953130029141903
chr7:117536643:C>A,0.005524328909814358,0.0031328999903053045,0.005524329375475645
chr7:117587739:G>A,0.02843821607530117,0.017885388806462288,0.02843821607530117
chr7:117530983:G>A,0.03149336576461792,0.01949901133775711,0.03149336948990822
chr7:117667033:C>A,0.007813421078026295,0.00462050037458539,0.00781351700425148
chr7:117664722:G>T,0.05002441257238388,0.02864581160247326,0.05167483910918236
chr7:117627544:T>A,0.0002136244875146076,0.0002121385623468086,0.00021362563711591065
chr7:117587811:C>G,0.01746932417154312,0.010204849764704704,0.01746932603418827
chr7:117667033:C>G,0.007813421078026295,0.00462050037458539,0.00781351700425148
chr7:117559521:C>A,0.005524303298443556,0.0030947045888751745,0.005524303764104843
chr7:117535255:C>T,0.00781262293457985,0.0047508119605481625,0.014084253460168839
chr7:117611650:G>A,0.016105927526950836,0.009404335170984268,0.016105929389595985
chr7:117548721:C>A,0.07170932739973068,0.04343481361865997,0.07170933485031128
chr7:117548721:C>G,0.07170932739973068,0.04343481361865997,0.07170933485031128
chr7:117592040:T>A,0.027348097413778305,0.01779419369995594,0.027625668793916702
chr7:117548810:C>A,0.015625106170773506,0.010152410715818405,0.015625106170773506
chr7:117559618:G>A,0.011718771420419216,0.00706716813147068,0.01171877235174179
chr7:117610610:T>G,0.008734743110835552,0.005010778550058603,0.008734744973480701
chr7:117666935:T>A,0.003906350117176771,0.002249892335385084,0.003906378522515297
chr7:117592031:G>A,0.008249400183558464,0.0054258680902421474,0.00912751816213131
chr7:117592064:C>T,0.023449642583727837,0.0158003531396389,0.023772776126861572
chr7:117535353:T>C,0.0039063505828380585,0.002333748387172818,0.003906502854079008
chr7:117642444:C>T,0.008734680712223053,0.005067558493465185,0.00873518269509077
chr7:117530981:T>G,0.05255328118801117,0.03285994008183479,0.05255330353975296
chr7:117611767:T>A,0.007812508381903172,0.004464284051209688,0.00781252235174179
chr7:117530981:T>A,0.022097250446677208,0.012823848985135555,0.022097278386354446
chr7:117642588:C>T,0.011718770489096642,0.006764438934624195,0.011718867346644402
chr7:117627636:A>C,0.008763289079070091,0.0052407411858439445,0.008763290010392666
chr7:117627636:A>T,0.008763289079070091,0.0052407411858439445,0.008763290010392666
chr7:117559582:A>C,0.008734721690416336,0.004917862359434366,0.008734721690416336
chr7:117627683:G>T,0.011726758442819118,0.007100728340446949,0.011726759374141693
chr7:117627683:G>C,0.011726758442819118,0.007100728340446949,0.011726759374141693
chr7:117664748:G>T,0.008734656497836113,0.005223302636295557,0.011718754656612873
chr7:117627683:G>A,0.011726758442819118,0.007100728340446949,0.011726759374141693
chr7:117642588:C>G,0.011718770489096642,0.006764438934624195,0.011718867346644402
chr7:117559582:A>G,0.008734721690416336,0.004917862359434366,0.008734721690416336
chr7:117642588:C>A,0.011718770489096642,0.006764438934624195,0.011718867346644402
chr7:117667102:G>T,5.8236309996573254e-05,5.821934246341698e-05,6.970657705096528e-05
chr7:117509035:G>C,0.014084262773394585,0.008942704647779465,0.014084264636039734
chr7:117592463:A>T,0.003906461410224438,0.002205388620495796,0.0039068483747541904
chr7:117504356:T>G,0.011718781664967537,0.006920511368662119,0.011718782596290112
chr7:117504356:T>A,0.011718781664967537,0.006920511368662119,0.011718782596290112
chr7:117540317:G>A,0.008737532421946526,0.005049593281000853,0.00873753521591425
chr7:117642499:T>A,0.008734676986932755,0.005166762508451939,0.008735159412026405
chr7:117587829:G>T,0.022777309641242027,0.013471649959683418,0.022777311503887177
chr7:117509054:C>A,0.022777164354920387,0.014309348538517952,0.022777166217565536
chr7:117667102:G>C,9.284370025852695e-05,9.276306809624657e-05,0.00010195187496719882
chr7:117642490:T>A,0.0055242870002985,0.003071099054068327,0.0055245328694581985
chr7:117531077:A>T,0.036014679819345474,0.022856904193758965,0.036014679819345474
chr7:117595036:G>C,0.016105888411402702,0.009671535342931747,0.016105888411402702
chr7:117531068:T>A,0.016106313094496727,0.010159268975257874,0.016106314957141876
chr7:117540306:A>T,0.014084448106586933,0.00878293439745903,0.014084448106586933
chr7:117540306:A>G,0.014084448106586933,0.00878293439745903,0.014084448106586933
chr7:117595036:G>T,0.016105888411402702,0.009671535342931747,0.016105888411402702
chr7:117535336:C>T,0.0039064399898052216,0.002355898730456829,0.003906440921127796
chr7:117540177:T>C,0.007821169681847095,0.005026013590395451,0.00782117061316967
chr7:117559605:T>G,0.01171877235174179,0.0069525535218417645,0.01171877421438694
chr7:117592298:T>C,0.00010731208749348298,0.00010729089262895286,0.005525090266019106
chr7:117590400:G>T,0.9836321473121643,0.7359360456466675,0.9836321473121643
chr7:117664745:G>C,0.15556491911411285,0.09322104603052139,0.1557609587907791
chr7:117667013:T>C,0.003906542435288429,0.002291463315486908,0.003906673286110163
chr7:117509061:G>C,0.17205245792865753,0.11054076254367828,0.17205245792865753
chr7:117611796:A>T,0.00781253445893526,0.004484355915337801,0.007812583819031715
chr7:117509061:G>T,0.17205245792865753,0.11054076254367828,0.17205245792865753
chr7:117540312:G>T,0.016107553616166115,0.009867336601018906,0.016107555478811264
chr7:117540312:G>C,0.016107553616166115,0.009867336601018906,0.016107555478811264
chr7:117548752:C>G,0.017469489946961403,0.010396061465144157,0.017469489946961403
chr7:117603674:G>A,0.022777173668146133,0.01353260688483715,0.02591114677488804
chr7:117548752:C>A,0.017469489946961403,0.010396061465144157,0.017469489946961403
chr7:117611740:A>T,0.005524391308426857,0.0031860792078077793,0.005524426233023405
chr7:117595045:T>G,0.015625009313225746,0.0092593589797616,0.015625009313225746
chr7:117534282:A>C,0.023760797455906868,0.013889139518141747,0.024705298244953156
chr7:117595045:T>C,0.015625009313225746,0.0092593589797616,0.015625009313225746
chr7:117531080:T>C,0.05427027866244316,0.03413492068648338,0.054270293563604355
chr7:117594976:G>C,0.02277716062963009,0.013597498647868633,0.02277716062963009
chr7:117534331:G>A,0.008734668605029583,0.005189534742385149,0.009568355977535248
chr7:117535342:G>A,0.005524338223040104,0.0033475218806415796,0.006765882018953562
chr7:117591939:T>C,0.0937577337026596,0.06032741069793701,0.0937577411532402
chr7:117666968:A>C,0.003906311932951212,0.0023016135673969984,0.003906505648046732
chr7:117594976:G>T,0.02277716062963009,0.013597498647868633,0.02277716062963009
chr7:117627532:T>C,0.0039128270000219345,0.002361050108447671,0.003913015127182007
chr7:117666936:A>C,0.007812544703483582,0.0045767235569655895,0.00781272817403078
chr7:117592230:A>T,9.626987593946978e-05,9.619509364711121e-05,0.007813096977770329
chr7:117614640:T>G,0.016105933114886284,0.009345260448753834,0.016105933114886284
chr7:117611805:A>C,0.04296877235174179,0.02502981387078762,0.04296877607703209
chr7:117614640:T>C,0.00390632776543498,0.002167007653042674,0.003906328696757555
chr7:117664721:G>T,0.14154429733753204,0.08433376997709274,0.14181354641914368
chr7:117592584:A>C,0.00390674639493227,0.002225094009190798,0.005524990148842335
chr7:117535261:C>G,0.003906375262886286,0.0023669854272156954,0.00552431819960475
chr7:117667097:A>C,0.007812769152224064,0.004464739467948675,0.007812772877514362
chr7:117606710:T>A,0.008734644390642643,0.005022623110562563,0.008734650909900665
chr7:117606710:T>G,0.008734644390642643,0.005022623110562563,0.008734650909900665
chr7:117592584:A>T,0.00390674639493227,0.002225094009190798,0.005524990148842335
chr7:117592584:A>G,0.00390674639493227,0.002225094009190798,0.005524990148842335
chr7:117627556:A>C,0.003906862810254097,0.002345687011256814,0.003907178994268179
chr7:117509138:T>C,0.02209709957242012,0.01311750803142786,0.02209710143506527
chr7:117509135:A>C,0.0398361012339592,0.024012291803956032,0.0398361012339592
chr7:117627750:T>C,0.01954839564859867,0.011800291016697884,0.01954839564859867
chr7:117667031:A>C,0.00781264528632164,0.004474536515772343,0.00781271979212761
chr7:117627569:A>C,0.016116155311465263,0.008991286158561707,0.016116155311465263
chr7:117627569:A>T,0.016116155311465263,0.008991286158561707,0.016116155311465263
chr7:117536566:G>C,0.017469283193349838,0.01035751961171627,0.017469283193349838
chr7:117627730:T>C,0.01562582328915596,0.009547748602926731,0.01562582328915596
chr7:117536566:G>T,0.017469283193349838,0.01035751961171627,0.017469283193349838
chr7:117592136:A>G,0.004033128265291452,0.0026343639474362135,0.00561473798006773
chr7:117664848:A>G,0.04768187180161476,0.02819809317588806,0.051674846559762955
chr7:117603680:C>T,0.07266059517860413,0.043895505368709564,0.07442419975996017
chr7:117603680:C>A,0.07266059517860413,0.043895505368709564,0.07442419975996017
chr7:117603642:C>G,0.07584572583436966,0.04560044780373573,0.07783155143260956
chr7:117535403:G>C,0.1018625795841217,0.06178615987300873,0.1018625870347023
chr7:117610628:T>A,0.0161058958619833,0.00928148441016674,0.017900697886943817
chr7:117627709:A>G,0.019919415935873985,0.011471704579889774,0.019919415935873985
chr7:117652854:T>A,0.026076339185237885,0.017004085704684258,0.029002532362937927
chr7:117535403:G>T,0.1018625795841217,0.06178615987300873,0.1018625870347023
chr7:117652896:T>G,0.032226577401161194,0.027462247759103775,0.04058615863323212
chr7:117536588:A>T,0.012352670542895794,0.007352585904300213,0.012352671474218369
chr7:117559536:T>A,0.007812516763806343,0.004662004765123129,0.007812517695128918
chr7:117548795:C>G,0.7062974572181702,0.49272122979164124,0.7062974572181702
chr7:117535403:G>A,0.1018625795841217,0.06178615987300873,0.1018625870347023
chr7:117652854:T>G,0.026076339185237885,0.017004085704684258,0.029002532362937927
chr7:117480124:C>A,0.1269538253545761,0.09587384015321732,0.1272716075181961
chr7:117480124:C>G,0.1269538253545761,0.09587384015321732,0.1272716075181961
chr7:117542081:G>T,0.017469322308897972,0.010499494150280952,0.01746932417154312
chr7:117611584:G>A,0.021036148071289062,0.012375794351100922,0.021036148071289062
chr7:117542030:G>C,0.012352666817605495,0.007325151935219765,0.012352668680250645
chr7:117559608:G>A,0.017469288781285286,0.010517788119614124,0.017469288781285286
chr7:117542030:G>T,0.012352666817605495,0.007325151935219765,0.012352668680250645
chr7:117559638:G>A,0.0055242846719920635,0.003331477055326104,0.005524285603314638
chr7:117606714:G>C,0.011718754656612873,0.006734020542353392,0.01171877235174179
chr7:117666989:A>C,0.003906550817191601,0.00222032587043941,0.003907016012817621
chr7:117587763:G>A,0.00873464997857809,0.005287228152155876,0.008734652772545815
chr7:117642572:A>C,0.017469285055994987,0.010114467702805996,0.017470069229602814
chr7:117642572:A>T,0.017469285055994987,0.010114467702805996,0.017470069229602814
chr7:117606714:G>T,0.011718754656612873,0.006734020542353392,0.01171877235174179
chr7:117664752:G>C,0.034938566386699677,0.020906247198581696,0.03664387762546539
chr7:117540290:T>G,0.003906893078237772,0.0024793141055852175,0.003906894475221634
chr7:117530941:A>G,0.008735941722989082,0.005306240636855364,0.008735943585634232
chr7:117548644:T>C,0.01657286286354065,0.010372302494943142,0.01657286286354065
chr7:117592103:G>A,0.020084619522094727,0.01308813039213419,0.020084643736481667
chr7:117592103:G>C,0.020084619522094727,0.01308813039213419,0.020084643736481667
chr7:117592088:A>C,0.03127800300717354,0.020078161731362343,0.031520992517471313
chr7:117592068:A>C,0.03516527637839317,0.023600751534104347,0.03516527637839317
chr7:117535356:C>A,0.003906299825757742,0.002239731140434742,0.003906306345015764
chr7:117540290:T>A,0.003906893078237772,0.0024793141055852175,0.003906894475221634
chr7:117592638:T>G,0.011718759313225746,0.0065717874094843864,0.01171878818422556
chr7:117540174:T>A,0.011718968860805035,0.0074351574294269085,0.011718971654772758
chr7:117535356:C>G,0.0055243149399757385,0.0033756662160158157,0.005524367559701204
chr7:117602850:T>C,0.008734648115932941,0.004899139516055584,0.008734655566513538
chr7:117602850:T>A,0.008734648115932941,0.004899139516055584,0.008734655566513538
chr7:117536603:G>A,0.005524344742298126,0.0032937421929091215,0.005524349398910999
chr7:117530941:A>T,0.04555436596274376,0.028134290128946304,0.045554373413324356
chr7:117540174:T>G,0.011718968860805035,0.0074351574294269085,0.011718971654772758
chr7:117530941:A>C,0.04555436596274376,0.028134290128946304,0.045554373413324356
chr7:117611652:C>A,0.014084209688007832,0.00821425300091505,0.014084212481975555
chr7:117611683:C>G,0.011062541045248508,0.006427336018532515,0.011062542907893658
chr7:117652855:T>A,0.0163702592253685,0.009920376352965832,0.016517063602805138
chr7:117480100:G>T,0.10351628065109253,0.07690607011318207,0.10407974570989609
chr7:117548656:T>C,0.017469322308897972,0.011183582246303558,0.017469322308897972
chr7:117480100:G>C,0.10351628065109253,0.07690607011318207,0.10407974570989609
chr7:117540257:T>G,0.003906945697963238,0.0024194899015128613,0.003906946163624525
chr7:117480136:A>C,0.03515678644180298,0.02659016288816929,0.036132603883743286
chr7:117480136:A>T,0.03515678644180298,0.02659016288816929,0.036132603883743286
chr7:117531103:A>T,0.04297153279185295,0.027817334979772568,0.04297153651714325
chr7:117509086:C>T,0.02277717925608158,0.013327814638614655,0.02277718111872673
chr7:117548716:T>C,0.003906641621142626,0.002554896054789424,0.003906647674739361
chr7:117627679:A>C,0.011049903929233551,0.006162426434457302,0.011049904860556126
chr7:117504286:A>T,0.016105912625789642,0.00957788247615099,0.016105912625789642
chr7:117540344:C>A,0.012354164384305477,0.007821234874427319,0.012354165315628052
chr7:117592257:G>C,0.0001929190184455365,0.00019272955250926316,0.005524864420294762
chr7:117592257:G>T,0.0001929190184455365,0.00019272955250926316,0.005524864420294762
chr7:117540159:T>A,0.008773170411586761,0.005389142781496048,0.008773173205554485
chr7:117606674:G>T,0.23206987977027893,0.14004828035831451,0.2320699244737625
chr7:117664704:T>C,0.06675003468990326,0.039572492241859436,0.07255537807941437
chr7:117504286:A>C,0.016105912625789642,0.00957788247615099,0.016105912625789642
chr7:117548793:G>C,0.012352897785604,0.007505685556679964,0.012352898716926575
chr7:117536553:A>C,0.007812735624611378,0.004651349037885666,0.007812738418579102
chr7:117603628:T>G,0.00873636081814766,0.0051011210307478905,0.010336421430110931
chr7:117534339:T>A,0.011048715561628342,0.006624454632401466,0.01104872114956379
chr7:117542064:A>C,0.005524723324924707,0.0031233918853104115,0.005524724256247282
chr7:117664710:A>T,0.08128379285335541,0.04895900934934616,0.08368861675262451
chr7:117548793:G>T,0.012352897785604,0.007505685556679964,0.012352898716926575
chr7:117592638:T>C,0.01171876024454832,0.006571786478161812,0.012352682650089264
chr7:117535264:A>C,0.0055242907255887985,0.003359363880008459,0.006765844766050577
chr7:117592102:G>T,0.001109014148823917,0.0011075689690187573,0.001109050470404327
chr7:117540185:T>C,0.008747926913201809,0.0055442010052502155,0.008747927844524384
chr7:117595023:G>C,0.02376079373061657,0.014375350438058376,0.02376079373061657
chr7:117652874:A>C,0.01774698495864868,0.013912869617342949,0.02453586645424366
chr7:117610535:T>A,0.003906344994902611,0.0021717476192861795,0.003906345926225185
chr7:117595023:G>A,0.02376079373061657,0.014375350438058376,0.02376079373061657
chr7:117592269:T>C,0.00042626395588740706,0.00042576194391585886,0.008740425109863281
chr7:117595023:G>T,0.02376079373061657,0.014375350438058376,0.02376079373061657
chr7:117592102:G>C,0.02738010510802269,0.017514631152153015,0.02765735611319542
chr7:117652874:A>T,0.01774698495864868,0.013912869617342949,0.02453586645424366
chr7:117592470:C>G,0.003906342200934887,0.0022297201212495565,0.005524344276636839
chr7:117642541:G>T,0.00390627421438694,0.0022396864369511604,0.003906508442014456
chr7:117592116:T>C,0.019563287496566772,0.012613127939403057,0.01956329494714737
chr7:117592372:G>C,0.00012380840780679137,0.0001236700773006305,0.005525394342839718
chr7:117592372:G>T,0.00012380840780679137,0.0001236700773006305,0.005525394342839718
chr7:117559645:A>T,0.00390627421438694,0.002322952961549163,0.003906277474015951
chr7:117559647:C>A,0.00781252421438694,0.004662017337977886,0.00781252421438694
chr7:117536561:G>T,0.000425065984018147,0.0004224837466608733,0.0004250667116139084
chr7:117559647:C>G,0.00781252421438694,0.004662017337977886,0.00781252421438694
chr7:117592116:T>G,0.019563287496566772,0.012613127939403057,0.01956329494714737
chr7:117548768:T>A,0.008734731934964657,0.005653921514749527,0.008734731934964657
chr7:117611787:T>G,0.008734663017094135,0.0050196158699691296,0.008734685368835926
chr7:117559476:A>G,0.007812518626451492,0.004694850649684668,0.007812519557774067
chr7:117642532:G>T,0.007812530733644962,0.004545553121715784,0.00781295821070671
chr7:117611697:A>G,0.005524355452507734,0.0032076684292405844,0.005524371284991503
chr7:117534323:A>T,0.01235266961157322,0.007440824061632156,0.012955592013895512
chr7:117530962:A>G,0.003919045440852642,0.00251587200909853,0.003919057548046112
chr7:117611787:T>A,0.008734663017094135,0.0050196158699691296,0.008734685368835926
chr7:117548719:T>C,0.0210359338670969,0.013574146665632725,0.0210359338670969
chr7:117534323:A>C,0.01235266961157322,0.007440824061632156,0.012955592013895512
chr7:117642491:T>A,0.003906263038516045,0.0023175072856247425,0.003906384110450745
chr7:117548768:T>G,0.008734706789255142,0.005205037072300911,0.008734707720577717
chr7:117652921:T>G,0.022964799776673317,0.013580717146396637,0.02358454465866089
chr7:117530912:C>G,0.06833171844482422,0.042767979204654694,0.06833171844482422
chr7:117530912:C>T,0.06833171844482422,0.042767979204654694,0.06833171844482422
chr7:117664787:T>G,0.00390628632158041,0.002214913023635745,0.008734666742384434
chr7:117587784:G>C,0.014084188267588615,0.008387540467083454,0.01408418919891119
chr7:117587784:G>T,0.014084188267588615,0.008387540467083454,0.01408418919891119
chr7:117610637:C>G,0.0055242907255887985,0.00308788288384676,0.0055242967791855335
chr7:117592296:A>T,0.0003006373590324074,0.0003004786849487573,0.00391387427225709
chr7:117592244:T>C,0.00036366144195199013,0.0003631849540397525,0.0055325692519545555
chr7:117536589:C>G,0.012352670542895794,0.007388677913695574,0.012352674268186092
chr7:117611653:A>T,0.003906320780515671,0.002296329941600561,0.003906365018337965
chr7:117611745:A>G,0.008734672330319881,0.005026266910135746,0.0087346863001585
chr7:117536589:C>T,0.012352670542895794,0.007388677913695574,0.012352674268186092
chr7:117536568:T>A,0.008734648115932941,0.004964429419487715,0.008734648115932941
chr7:117531004:T>A,0.011722445487976074,0.0070900022983551025,0.011722495779395103
chr7:117535269:G>A,0.008734650909900665,0.005290488712489605,0.01235270220786333
chr7:117592380:T>C,0.00019209811580367386,0.0001919070491567254,0.0055265873670578
chr7:117592231:A>T,0.0006522801122628152,0.0006512884865514934,0.003960385452955961
chr7:117592231:A>C,0.0006522801122628152,0.0006512884865514934,0.003960385452955961
chr7:117536568:T>G,0.008734648115932941,0.004964429419487715,0.008734648115932941
chr7:117530906:C>G,0.02103593945503235,0.01231125183403492,0.02103593945503235
chr7:117531004:T>G,0.011722445487976074,0.0070900022983551025,0.011722495779395103
chr7:117534322:A>T,0.014084191992878914,0.008501711301505566,0.014615857973694801
chr7:117559579:A>C,0.00781253632158041,0.004662038758397102,0.00781253818422556
chr7:117652864:C>G,0.0214844960719347,0.01746581308543682,0.030391469597816467
chr7:117642438:G>C,0.0812838152050972,0.048637911677360535,0.08128508180379868
chr7:117480141:T>C,0.04687511920928955,0.03356974199414253,0.04688621312379837
chr7:117594981:A>T,0.005524301435798407,0.0032889393623918295,0.005524301901459694
chr7:117642438:G>T,0.0812838152050972,0.048637911677360535,0.08128508180379868
chr7:117652864:C>A,0.026244834065437317,0.01557192299515009,0.026317410171031952
chr7:117535399:T>C,0.01746939867734909,0.009803473949432373,0.017469407990574837
chr7:117592005:C>T,0.06643189489841461,0.04378940910100937,0.06654664129018784
chr7:117592005:C>G,0.06643189489841461,0.04378940910100937,0.06654664129018784
chr7:117587778:G>A,0.021035846322774887,0.013257164508104324,0.021035848185420036
chr7:117559591:T>G,0.005524282343685627,0.003323927754536271,0.005524282343685627
chr7:117592098:T>G,0.004528602119535208,0.0033077190164476633,0.004528623539954424
chr7:117587778:G>C,0.021035846322774887,0.013257164508104324,0.021035848185420036
chr7:117611608:T>G,0.0237618088722229,0.013818558305501938,0.024080749601125717
chr7:117627534:A>C,0.005524464417248964,0.0032066076528280973,0.005524465348571539
chr7:117540227:C>T,0.00873469840735197,0.005461741704493761,0.008734699338674545
chr7:117559591:T>A,0.005524282343685627,0.003323927754536271,0.005524282343685627
chr7:117548646:T>A,0.19768105447292328,0.12093120813369751,0.19768106937408447
chr7:117548646:T>G,0.19768105447292328,0.12093120813369751,0.19768106937408447
chr7:117627553:T>G,0.0055302162654697895,0.003078706096857786,0.005530217196792364
chr7:117611640:G>A,0.008734806440770626,0.005107952747493982,0.009568472392857075
chr7:117627768:A>G,0.4008074998855591,0.26703783869743347,0.4008074998855591
chr7:117540162:T>A,0.00562951248139143,0.003517718520015478,0.0056295134127140045
chr7:117652851:A>T,0.0378916896879673,0.023472987115383148,0.04062459245324135
chr7:117614625:G>T,0.016572987660765648,0.009664659388363361,0.016572991386055946
chr7:117534333:C>T,0.008734775707125664,0.005211181007325649,0.011718847788870335
chr7:117531001:G>A,0.012358375824987888,0.007538286037743092,0.012358381412923336
chr7:117540311:T>G,0.00391000509262085,0.0022562271915376186,0.0039100064896047115
chr7:117548756:A>T,0.06720981746912003,0.0426924005150795,0.06720981746912003
chr7:117592018:A>C,0.12351390719413757,0.08422692120075226,0.12351391464471817
chr7:117592018:A>T,0.12351390719413757,0.08422692120075226,0.12351391464471817
chr7:117614625:G>A,0.008734752424061298,0.005083267576992512,0.008734753355383873
chr7:117610640:C>T,0.0039062839932739735,0.0022100217174738646,0.003906284924596548
chr7:117540153:C>T,0.023563586175441742,0.01498418115079403,0.02356358990073204
chr7:117614654:A>G,0.016572823747992516,0.009587918408215046,0.016572825610637665
chr7:117614654:A>T,0.016572823747992516,0.009587918408215046,0.016572825610637665
chr7:117614654:A>C,0.016572823747992516,0.009587918408215046,0.016572825610637665
chr7:117606733:A>C,0.003906284458935261,0.002296268939971924,0.003906287718564272
chr7:117548718:C>A,0.20165492594242096,0.1252511739730835,0.20165494084358215
chr7:117548718:C>G,0.20165492594242096,0.1252511739730835,0.20165494084358215
chr7:117667071:A>T,0.003908241167664528,0.0022431074175983667,0.003908265847712755
chr7:117592152:T>A,0.010341716930270195,0.009816600941121578,0.011054903268814087
chr7:117592152:T>G,0.010341716930270195,0.009816600941121578,0.011054903268814087
chr7:117667071:A>C,0.003908241167664528,0.0022431074175983667,0.003908265847712755
chr7:117592118:G>T,0.23768764734268188,0.17280404269695282,0.23771975934505463
chr7:117592118:G>C,0.1365734040737152,0.09259362518787384,0.13662926852703094
chr7:117592003:A>T,0.05490722879767418,0.03524916619062424,0.05504600703716278
chr7:117542060:A>C,0.008734655566513538,0.005291259381920099,0.008734658360481262
chr7:117592053:C>T,0.043055567890405655,0.028188325464725494,0.043055567890405655
chr7:117642442:G>C,0.012352660298347473,0.007089724764227867,0.012352886609733105
chr7:117509083:G>A,0.019531255587935448,0.012375475838780403,0.019531255587935448
chr7:117542060:A>T,0.008734655566513538,0.005291259381920099,0.008734658360481262
chr7:117540288:A>T,0.003906316589564085,0.002472297288477421,0.00390631752088666
chr7:117592261:G>C,0.0004904296947643161,0.00048995012184605,0.008742546662688255
chr7:117627769:G>T,0.03537321463227272,0.02151530236005783,0.03537321463227272
chr7:117664814:G>A,0.0402173176407814,0.023855039849877357,0.04719940572977066
chr7:117592046:T>A,0.003964093513786793,0.002599176950752735,0.0039641112089157104
chr7:117611788:T>A,0.00390644371509552,0.0022151905577629805,0.003906463272869587
chr7:117592246:T>G,0.0005717470776289701,0.0005713538848794997,0.016107026487588882
chr7:117548722:A>C,0.011718973517417908,0.007585637737065554,0.011718973517417908
chr7:117592261:G>T,0.0004904296947643161,0.00048995012184605,0.008742546662688255
chr7:117592246:T>A,0.0005717470776289701,0.0005713538848794997,0.016107026487588882
chr7:117602848:T>A,0.005524279549717903,0.003228795249015093,0.010334979742765427
chr7:117611679:A>G,0.016105974093079567,0.009390424937009811,0.016105977818369865
chr7:117591978:C>G,0.1406753808259964,0.09120459109544754,0.1406753808259964
chr7:117602848:T>G,0.005524292588233948,0.0032325119245797396,0.006765841972082853
chr7:117614651:G>A,0.00021362629195209593,0.0002121403958881274,0.00021362815459724516
chr7:117535315:G>C,0.014084258116781712,0.008514439687132835,0.014615978114306927
chr7:117592119:A>T,0.12412918359041214,0.08895055204629898,0.12419064342975616
chr7:117592119:A>C,0.12412918359041214,0.08895055204629898,0.12419064342975616
chr7:117652924:C>G,0.007812508381903172,0.004514710046350956,0.007907306775450706
chr7:117559542:T>G,0.012352689169347286,0.007414560299366713,0.012352689169347286
chr7:117611598:A>C,0.016111113131046295,0.00952165573835373,0.01657789945602417
chr7:117548658:T>A,0.01953165978193283,0.011071420274674892,0.01953166164457798
chr7:117548658:T>G,0.01953165978193283,0.011071420274674892,0.01953166164457798
chr7:117590431:A>G,0.01408419944345951,0.008425042033195496,0.014084202237427235
chr7:117603621:T>G,0.0055244239047169685,0.003341860370710492,0.007812608033418655
chr7:117611755:T>C,0.0055242921225726604,0.003181667299941182,0.005524334963411093
chr7:117603621:T>A,0.0055244239047169685,0.003341860370710492,0.007812608033418655
chr7:117610519:T>A,0.02470548450946808,0.01449495181441307,0.024705490097403526
chr7:117610519:T>G,0.02470548450946808,0.01449495181441307,0.024705490097403526
chr7:117614642:C>A,0.012352791614830494,0.00715153431519866,0.012352791614830494
chr7:117610595:T>C,0.008734907023608685,0.0050333114340901375,0.008734908886253834
chr7:117610595:T>G,0.008734907023608685,0.0050333114340901375,0.008734908886253834
chr7:117611793:T>A,0.00390629842877388,0.002162245800718665,0.003906319383531809
chr7:117504271:G>T,0.03847218677401543,0.022797850891947746,0.03847232833504677
chr7:117504271:G>C,0.03847218677401543,0.022797850891947746,0.03847232833504677
chr7:117667015:T>A,0.011718934401869774,0.0068108029663562775,0.011719023808836937
chr7:117667094:G>C,6.995660078246146e-05,6.993467104621232e-05,7.023595389910042e-05
chr7:117667015:T>G,0.011718934401869774,0.0068108029663562775,0.011719023808836937
chr7:117509123:G>C,0.07753685116767883,0.0486048124730587,0.07753685116767883
chr7:117603726:A>T,0.026203952729701996,0.01570855639874935,0.028969554230570793
chr7:117530905:A>G,0.03337540477514267,0.020391669124364853,0.03337540477514267
chr7:117530905:A>T,0.03337540477514267,0.020391669124364853,0.03337540477514267
chr7:117591990:A>T,0.169994056224823,0.11077719181776047,0.169994056224823
chr7:117664779:A>T,0.02277716062963009,0.013543767854571342,0.02762136235833168
chr7:117480122:A>C,0.025390667840838432,0.01794395036995411,0.025433260947465897
chr7:117592011:A>T,0.10947542637586594,0.07131354510784149,0.10947542637586594
chr7:117611677:A>T,0.005524312611669302,0.003214695490896702,0.005524316802620888
chr7:117504330:A>C,0.005524319596588612,0.003255109302699566,0.0055243209935724735
chr7:117536650:A>T,0.012352658435702324,0.007376480847597122,0.012352658435702324
chr7:117504362:A>G,0.04719967022538185,0.02813461422920227,0.04719971865415573
chr7:117642546:T>C,0.008734646253287792,0.005042858887463808,0.00873484555631876
chr7:117504330:A>G,0.005524319596588612,0.003255109302699566,0.0055243209935724735
chr7:117536650:A>C,0.012352658435702324,0.007376480847597122,0.012352658435702324
chr7:117504330:A>T,0.005524309817701578,0.003258786629885435,0.0055243270471692085
chr7:117509101:T>C,0.026203928515315056,0.01684628240764141,0.026203928515315056
chr7:117595048:T>A,0.008734655566513538,0.005179719068109989,0.008734655566513538
chr7:117667070:G>A,0.007812563329935074,0.0045249368995428085,0.007812660187482834
chr7:117652858:C>T,0.035648196935653687,0.020710552111268044,0.03598105534911156
chr7:117664778:C>G,0.026203930377960205,0.01576186530292034,0.028704971075057983
chr7:117667070:G>C,0.007812563329935074,0.0045249368995428085,0.007812660187482834
chr7:117534319:G>T,0.0494106225669384,0.029507724568247795,0.0564720593392849
chr7:117559632:A>T,0.00873465184122324,0.005265168379992247,0.00873465184122324
chr7:117591997:A>T,0.06641247868537903,0.04162788763642311,0.06687042862176895
chr7:117591997:A>C,0.06641247868537903,0.04162788763642311,0.06687042862176895
chr7:117504309:T>C,0.003906335216015577,0.0022911091800779104,0.003906370140612125
chr7:117606686:A>C,0.01562502235174179,0.009111733175814152,0.01562502235174179
chr7:117591999:A>C,0.003926473669707775,0.002524831797927618,0.003926494624465704
chr7:117592649:G>C,0.003906344063580036,0.0022050978150218725,0.003906515426933765
chr7:117592090:C>A,0.019540442153811455,0.012715619057416916,0.019540447741746902
chr7:117594933:T>C,0.03149321675300598,0.018539704382419586,0.03149321675300598
chr7:117592090:C>G,0.019540442153811455,0.012715619057416916,0.019540447741746902
chr7:117530924:T>G,0.027621673420071602,0.016683612018823624,0.02762167528271675
chr7:117603639:T>C,0.019918106496334076,0.011645834892988205,0.023109763860702515
chr7:117534342:A>G,0.016105892136693,0.009727798402309418,0.016572827473282814
chr7:117627522:A>C,0.014085464179515839,0.008198707364499569,0.014085466042160988
chr7:117627522:A>T,0.014085464179515839,0.008198707364499569,0.014085466042160988
chr7:117587814:G>A,0.008734652772545815,0.005395730957388878,0.008734653703868389
chr7:117666978:G>C,0.007812547497451305,0.004535280633717775,0.007812864147126675
chr7:117536604:A>C,0.00873465184122324,0.004935277160257101,0.00873465184122324
chr7:117540303:T>C,0.003916270565241575,0.0024813958443701267,0.00391627149656415
chr7:117534342:A>T,0.016105892136693,0.009727798402309418,0.016572827473282814
chr7:117509133:A>C,0.034938566386699677,0.022773269563913345,0.034938570111989975
chr7:117509133:A>T,0.034938566386699677,0.022773269563913345,0.034938570111989975
chr7:117614703:T>G,0.008734699338674545,0.004983528051525354,0.008734699338674545
chr7:117614663:A>C,0.007812734693288803,0.004494776483625174,0.00781276635825634
chr7:117614663:A>T,0.007812734693288803,0.004494776483625174,0.00781276635825634
chr7:117614663:A>G,0.007812734693288803,0.004494776483625174,0.00781276635825634
chr7:117536610:T>C,0.00873466394841671,0.00487726554274559,0.00873466394841671
chr7:117480114:A>C,0.13281342387199402,0.09735992550849915,0.1336771845817566
chr7:117480114:A>T,0.13281342387199402,0.09735992550849915,0.1336771845817566
chr7:117534351:A>T,0.005524312611669302,0.0033276488538831472,0.00956835225224495
chr7:117664774:C>A,0.0415240116417408,0.0244428887963295,0.046711958944797516
chr7:117592460:A>G,0.003906466532498598,0.0022349280770868063,0.008734721690416336
chr7:117614670:C>T,0.017469290643930435,0.010229099541902542,0.017469292506575584
chr7:117664774:C>G,0.02501220814883709,0.014610289596021175,0.02531539835035801
chr7:117540326:G>A,0.050989605486392975,0.03148440644145012,0.050989605486392975
chr7:117540326:G>C,0.050989605486392975,0.03148440644145012,0.050989605486392975
chr7:117540246:C>G,0.003907287959009409,0.0024985219351947308,0.0039072888903319836
chr7:117592368:G>T,0.00017050039605237544,0.00017036082863342017,0.008736338466405869
chr7:117559566:C>T,0.007812511175870895,0.00471701193600893,0.007812511175870895
chr7:117559566:C>A,0.007812511175870895,0.00471701193600893,0.007812511175870895
chr7:117614708:A>T,0.007812525145709515,0.004545534495264292,0.00781252607703209
chr7:117534340:C>G,0.008734645321965218,0.005317708011716604,0.011718759313225746
chr7:117504329:G>C,0.014084316790103912,0.008261839859187603,0.01408434845507145
chr7:117642463:C>T,0.02816839888691902,0.016692496836185455,0.0281729307025671
chr7:117504329:G>T,0.014084316790103912,0.008261839859187603,0.01408434845507145
chr7:117504350:G>C,0.016105923801660538,0.009420659393072128,0.016105933114886284
chr7:117504350:G>A,0.016105923801660538,0.009420659393072128,0.016105933114886284
chr7:117594975:T>G,0.03149319812655449,0.018823731690645218,0.03149319812655449
chr7:117587761:A>T,0.017469294369220734,0.010702908039093018,0.017469296231865883
chr7:117610571:A>G,0.003906270023435354,0.0022753230296075344,0.003906271420419216
chr7:117587808:C>G,0.005524924956262112,0.0033321473747491837,0.0055249277502298355
chr7:117606722:T>A,0.005524285603314638,0.003207910805940628,0.0055242981761693954
chr7:117606722:T>G,0.01953125186264515,0.011261438019573689,0.019531259313225746
chr7:117509103:C>G,0.04419417679309845,0.026062004268169403,0.04419418051838875
chr7:117603596:A>C,0.022097110748291016,0.01351854670792818,0.02343752235174179
chr7:117559636:A>T,0.008734647184610367,0.005274995695799589,0.00873464997857809
chr7:117509063:A>T,0.07607164978981018,0.04908206686377525,0.07607164978981018
chr7:117542092:C>T,0.016573555767536163,0.009441004134714603,0.016573557630181313
chr7:117509103:C>A,0.04419417679309845,0.026062004268169403,0.04419418051838875
chr7:117595009:A>T,0.016105880960822105,0.009783685207366943,0.016105880960822105
chr7:117559578:A>G,0.007812517695128918,0.004672914277762175,0.007812517695128918
chr7:117590402:T>G,0.03866991773247719,0.02389850653707981,0.03866992145776749
chr7:117536583:T>A,0.005524325184524059,0.003274276852607727,0.005524325650185347
chr7:117559600:T>C,0.007812521420419216,0.00465121865272522,0.007812523283064365
chr7:117559600:T>G,0.007812521420419216,0.00465121865272522,0.007812523283064365
chr7:117509119:T>G,0.06501296162605286,0.041460707783699036,0.06501296162605286
chr7:117627528:T>A,0.005524651613086462,0.0032069291919469833,0.005524652078747749
chr7:117611676:C>T,0.008734790608286858,0.004925088491290808,0.008734791539609432
chr7:117595010:G>C,0.003906297963112593,0.0023122054990381002,0.0039063021540641785
chr7:117595024:T>G,0.011718757450580597,0.00708390586078167,0.011718757450580597
chr7:117627734:A>T,0.03925829753279686,0.022983618080615997,0.03925829753279686
chr7:117530926:T>G,0.019531983882188797,0.011724681593477726,0.019531987607479095
chr7:117667098:C>A,0.007814053446054459,0.004558423068374395,0.007814150303602219
chr7:117667098:C>G,0.007814053446054459,0.004558423068374395,0.007814150303602219
chr7:117595024:T>C,0.0234375037252903,0.014117904007434845,0.0234375037252903
chr7:117530915:T>C,0.012354709208011627,0.006912343204021454,0.012354711070656776
chr7:117627734:A>C,0.08629459142684937,0.04985591769218445,0.08629459142684937
chr7:117534343:A>T,0.003906307741999626,0.002239745110273361,0.003906344994902611
chr7:117602852:G>T,0.0123526556417346,0.007239725440740585,0.0123526556417346
chr7:117602852:G>C,0.0123526556417346,0.007239725440740585,0.0123526556417346
chr7:117591983:A>C,0.039066415280103683,0.024455320090055466,0.03906641900539398
chr7:117530953:G>A,0.036851800978183746,0.023202894255518913,0.036851804703474045
chr7:117665488:A>C,0.011718763038516045,0.006984911393374205,0.01295558363199234
chr7:117591935:T>G,0.01565498299896717,0.010407863184809685,0.015654990449547768
chr7:117606747:C>A,0.012352675199508667,0.0072708106599748135,0.012352687306702137
chr7:117606747:C>G,0.012352675199508667,0.0072708106599748135,0.012352687306702137
chr7:117664781:T>G,0.037107355892658234,0.021528059616684914,0.03731239214539528
chr7:117559546:C>A,0.008734676986932755,0.004868514835834503,0.008734676986932755
chr7:117559587:A>C,0.003906305879354477,0.002372551243752241,0.003906306345015764
chr7:117536646:T>C,0.02734375186264515,0.016185346990823746,0.02734375186264515
chr7:117540176:T>A,0.003918659873306751,0.002522423630580306,0.003918662667274475
chr7:117666963:A>T,0.007812581025063992,0.004555900581181049,0.00781261920928955
chr7:117540219:G>C,0.011720742098987103,0.006722406018525362,0.011720743961632252
chr7:117540219:G>T,0.011720742098987103,0.006722406018525362,0.011720743961632252
chr7:117627675:G>A,0.007812721654772758,0.00472850538790226,0.007812722586095333
chr7:117542081:G>A,0.034938644617795944,0.021088944748044014,0.03493864834308624
chr7:117542081:G>C,0.034938644617795944,0.021088944748044014,0.03493864834308624
chr7:117642494:G>C,0.026203930377960205,0.015522954054176807,0.026204729452729225
chr7:117540189:T>C,0.008089814335107803,0.005033247638493776,0.008089818060398102
chr7:117606751:C>G,0.011048584245145321,0.006414980627596378,0.011048585176467896
chr7:117534301:T>A,0.02501225844025612,0.014824741519987583,0.027621423825621605
chr7:117540272:A>T,0.007812555879354477,0.004761997610330582,0.007812556810677052
chr7:117540129:C>T,0.03539934381842613,0.02264491841197014,0.03539934381842613
chr7:117642494:G>T,0.026203930377960205,0.015522954054176807,0.026204729452729225
chr7:117530947:T>A,0.01991824246942997,0.012043384835124016,0.01991824433207512
chr7:117534301:T>G,0.02501225844025612,0.014824741519987583,0.027621423825621605
chr7:117540272:A>G,0.007812555879354477,0.004761997610330582,0.007812556810677052
chr7:117540272:A>C,0.007812555879354477,0.004761997610330582,0.007812556810677052
chr7:117542056:A>T,0.00390626909211278,0.002296242630109191,0.003906272351741791
chr7:117627536:C>G,0.003906411584466696,0.0023501671385020018,0.003906599245965481
chr7:117627747:T>A,0.019920101389288902,0.011953056789934635,0.019920101389288902
chr7:117627536:C>A,0.003906411584466696,0.0023501671385020018,0.003906599245965481
chr7:117642449:G>C,0.017469288781285286,0.01025409996509552,0.017475413158535957
chr7:117627747:T>G,0.055244311690330505,0.03167781978845596,0.055244311690330505
chr7:117642449:G>T,0.017469288781285286,0.01025409996509552,0.017475413158535957
chr7:117559633:T>C,0.00552430609241128,0.003097939072176814,0.005524306558072567
chr7:117536642:G>C,0.00781251210719347,0.004661992192268372,0.007812513038516045
chr7:117610567:C>G,0.0055243936367332935,0.003189241047948599,0.005524394568055868
chr7:117591948:T>G,0.08593925833702087,0.05447167158126831,0.08593925833702087
chr7:117594969:A>T,0.00873465184122324,0.0051850187592208385,0.00873465184122324
chr7:117591948:T>A,0.08593925833702087,0.05447167158126831,0.08593925833702087
chr7:117594969:A>C,0.00873465184122324,0.0051850187592208385,0.00873465184122324
chr7:117592595:A>G,0.003906631842255592,0.002225353382527828,0.00552461389452219
chr7:117666970:C>A,0.003906296566128731,0.0022753486409783363,0.003906502854079008
chr7:117666970:C>G,0.003906296566128731,0.0022753486409783363,0.003906502854079008
chr7:117652846:T>C,0.02176014333963394,0.013044988736510277,0.02176014333963394
chr7:117664813:G>C,0.05426749214529991,0.03244930878281593,0.06089252978563309
chr7:117509106:G>C,0.041524019092321396,0.02646447718143463,0.041524019092321396
chr7:117540117:C>G,0.007822833955287933,0.004894571378827095,0.007822834886610508
chr7:117542074:T>C,0.014084327965974808,0.008425598964095116,0.014084328897297382
chr7:117627763:G>A,0.035156842321157455,0.020811010152101517,0.035156842321157455
chr7:117592120:C>A,0.004085695371031761,0.002726115984842181,0.004085715860128403
chr7:117559614:T>G,0.017469292506575584,0.010439354926347733,0.017469294369220734
chr7:117509095:T>A,0.016572831198573112,0.00966982077807188,0.01657283492386341
chr7:117592120:C>G,0.011898885481059551,0.007776377722620964,0.012523685581982136
chr7:117559482:A>T,0.01171877235174179,0.007017591968178749,0.01171877421438694
chr7:117664813:G>T,0.025012439116835594,0.014914903789758682,0.031734712421894073
chr7:117509095:T>G,0.016572831198573112,0.00966982077807188,0.01657283492386341
chr7:117592025:C>G,0.08594277501106262,0.05447721108794212,0.08594278246164322
chr7:117509106:G>T,0.718740701675415,0.49682098627090454,0.718740701675415
chr7:117652846:T>G,0.01958022080361843,0.015804197639226913,0.01958022266626358
chr7:117614701:T>G,0.0039062947034835815,0.002239722292870283,0.003906297031790018
chr7:117614701:T>A,0.0039062947034835815,0.002239722292870283,0.003906297031790018
chr7:117627699:A>C,0.011719712056219578,0.0068745301105082035,0.011719712056219578
chr7:117535377:C>G,0.008734647184610367,0.0053909472189843655,0.008734648115932941
chr7:117509114:T>A,0.17134150862693787,0.10790867358446121,0.17134150862693787
chr7:117540167:T>A,0.04015742614865303,0.02600599266588688,0.04015742614865303
chr7:117509114:T>G,0.17134150862693787,0.10790867358446121,0.17134150862693787
chr7:117606749:T>A,0.01235266588628292,0.0070563750341534615,0.012352674268186092
chr7:117614664:T>C,0.014084197580814362,0.008150975219905376,0.014084198512136936
chr7:117606749:T>G,0.01235266588628292,0.0070563750341534615,0.012352674268186092
chr7:117591954:C>A,0.05469002202153206,0.03527203947305679,0.05482935532927513
chr7:117590391:C>A,0.0746288076043129,0.04631352797150612,0.0746288076043129
chr7:117587788:G>C,0.0039062825962901115,0.0024540352169424295,0.003906287252902985
chr7:117610648:C>G,0.00390632264316082,0.002312246710062027,0.003906329162418842
chr7:117559606:A>C,0.005524304695427418,0.003319795010611415,0.005524304695427418
chr7:117627748:T>A,0.005526193883270025,0.003098334651440382,0.0055261943489313126
chr7:117509084:C>G,0.022777168080210686,0.013538133352994919,0.022777169942855835
chr7:117509092:C>G,0.1795600801706314,0.11384347081184387,0.1795600801706314
chr7:117534288:T>G,0.01235265750437975,0.007553467061370611,0.01295557338744402
chr7:117504266:A>T,0.00390744861215353,0.0021737278439104557,0.003907493781298399
chr7:117536622:A>G,0.008734802715480328,0.005187385715544224,0.0087348073720932
chr7:117610624:T>C,0.008734745904803276,0.005033308640122414,0.009568423964083195
chr7:117590436:A>T,0.18524852395057678,0.12111055850982666,0.18524852395057678
chr7:117614696:A>C,0.008734646253287792,0.005016995128244162,0.008734646253287792
chr7:117542086:A>T,0.003906316123902798,0.002367009874433279,0.003906317055225372
chr7:117614696:A>T,0.008734646253287792,0.005016995128244162,0.008734646253287792
chr7:117559572:A>C,0.003906268626451492,0.0023837992921471596,0.003906270023435354
chr7:117627739:A>T,0.019922316074371338,0.012119791470468044,0.019922316074371338
chr7:117611602:A>T,0.1536756008863449,0.09576249122619629,0.1536756008863449
chr7:117536628:A>G,0.011048559099435806,0.006555039435625076,0.011048560030758381
chr7:117627555:G>T,0.008737479336559772,0.004806759767234325,0.00873781368136406
chr7:117627684:A>C,0.007814055308699608,0.004517381079494953,0.007814056240022182
chr7:117610643:A>T,0.0039062839932739735,0.0021858823020011187,0.00781252235174179
chr7:117664764:G>C,0.016105880960822105,0.009625980630517006,0.017900686711072922
chr7:117540266:C>G,0.005524462088942528,0.003410155652090907,0.005524464417248964
chr7:117540266:C>A,0.005524462088942528,0.003410155652090907,0.005524464417248964
chr7:117592008:A>G,0.03516272082924843,0.022995738312602043,0.03537903353571892
chr7:117627696:C>T,0.012352860532701015,0.007379146758466959,0.012352860532701015
chr7:117592003:A>C,0.03516462817788124,0.021417664363980293,0.03516463562846184
chr7:117542104:A>T,0.01657515950500965,0.009965669363737106,0.0165751613676548
chr7:117667101:G>C,0.003910503350198269,0.002282568020746112,0.003910630010068417
chr7:117530978:C>G,0.01657356694340706,0.010228287428617477,0.016573574393987656
chr7:117627540:G>C,0.00021362582629080862,0.0002121850848197937,0.00021362681582104415
chr7:117667101:G>T,0.003910503350198269,0.002282568020746112,0.003910630010068417
chr7:117542042:G>C,0.019918086007237434,0.011805283837020397,0.019918086007237434
chr7:117614652:C>G,0.014084207825362682,0.00785354245454073,0.014084208756685257
chr7:117542042:G>T,0.019918086007237434,0.011805283837020397,0.019918086007237434
chr7:117642589:C>T,0.005524348001927137,0.003077917965129018,0.005525235086679459
chr7:117534276:A>T,0.03983611986041069,0.024919304996728897,0.040027182549238205
chr7:117610592:C>T,0.007812952622771263,0.0044847521930933,0.007812954485416412
chr7:117606685:A>C,0.014084212481975555,0.008093073032796383,0.014084220863878727
chr7:117530989:T>A,0.007812832482159138,0.005000544711947441,0.007812850177288055
chr7:117559549:A>C,0.015625061467289925,0.009367757476866245,0.015625061467289925
chr7:117530940:C>G,0.005524341948330402,0.0034354261588305235,0.0055243466049432755
chr7:117534352:A>T,0.012352651916444302,0.007477881386876106,0.012955570593476295
chr7:117592027:T>G,0.8339952230453491,0.6325671076774597,0.8340043425559998
chr7:117592027:T>A,0.8339952230453491,0.6325671076774597,0.8340043425559998
chr7:117590363:A>C,0.04152403399348259,0.02520221844315529,0.041524045169353485
chr7:117559501:C>A,0.011718768626451492,0.007050605490803719,0.011718770489096642
chr7:117536649:A>T,0.01610664837062359,0.00969679281115532,0.01610666513442993
chr7:117627531:G>A,0.0039073871448636055,0.002168914070352912,0.00390738807618618
chr7:117592169:C>A,0.023449121043086052,0.015208067372441292,0.023449139669537544
chr7:117611794:C>G,0.012352671474218369,0.007119934540241957,0.01235268171876669
chr7:117587812:G>T,0.028168397024273872,0.0173187218606472,0.02816839888691902
chr7:117534295:G>T,0.036851491779088974,0.022086704149842262,0.03767051547765732
chr7:117559501:C>G,0.011718768626451492,0.007050605490803719,0.011718770489096642
chr7:117614693:A>G,0.011048559099435806,0.00634183781221509,0.011048559099435806
chr7:117559486:T>C,0.02762136049568653,0.01650378666818142,0.02762136049568653
chr7:117534304:A>G,0.014085717499256134,0.008518577553331852,0.016106925904750824
chr7:117592074:T>C,0.011725205928087234,0.007692333310842514,0.012358774431049824
chr7:117509068:C>A,0.0415240116417408,0.025240076705813408,0.0415240153670311
chr7:117504347:T>A,0.003906283527612686,0.0022962666116654873,0.00390630541369319
chr7:117591941:T>C,0.08594254404306412,0.054339226335287094,0.08594254404306412
chr7:117540171:G>C,0.0166141539812088,0.00964880920946598,0.01661415584385395
chr7:117591941:T>A,0.08594254404306412,0.054339226335287094,0.08594254404306412
chr7:117592628:A>C,0.0039063417352736,0.002205133670940995,0.0039065866731107235
chr7:117542055:A>T,0.005524471867829561,0.0031154451426118612,0.00552447559311986
chr7:117548730:C>A,0.007812689058482647,0.005038078408688307,0.007812689989805222
chr7:117542095:C>T,0.014084205962717533,0.008446583524346352,0.014084205962717533
chr7:117542095:C>G,0.014084205962717533,0.008446583524346352,0.014084205962717533
chr7:117548730:C>G,0.007812689058482647,0.005038078408688307,0.007812689989805222
chr7:117642439:T>G,0.05093159154057503,0.03062477521598339,0.050935547798871994
chr7:117666984:C>A,0.007812540978193283,0.004535258281975985,0.007812732830643654
chr7:117652844:A>T,0.020880931988358498,0.01346072182059288,0.020880931988358498
chr7:117614619:G>T,0.017469460144639015,0.01013211626559496,0.017469462007284164
chr7:117642528:G>A,0.017469286918640137,0.009777422063052654,0.017470965161919594
chr7:117652894:A>C,0.008963658474385738,0.006040843203663826,0.009982945397496223
chr7:117592479:A>T,0.00781252235174179,0.004395702853798866,0.007812600582838058
chr7:117614688:A>T,0.00015258965140674263,0.0001518781209597364,0.00015259227075148374
chr7:117664734:T>A,0.014084198512136936,0.008032547309994698,0.014084209688007832
chr7:117664815:C>G,0.32912909984588623,0.20330892503261566,0.32936081290245056
chr7:117509060:A>T,0.00873465184122324,0.005581886041909456,0.008734652772545815
chr7:117548750:T>C,0.003906541969627142,0.002535019302740693,0.003906543366611004
chr7:117480120:C>G,0.023437900468707085,0.0167841836810112,0.023450102657079697
chr7:117548813:G>C,0.04492202028632164,0.029775872826576233,0.04492202028632164
chr7:117590370:C>G,0.007812539115548134,0.0050000520423054695,0.007812547497451305
chr7:117603698:A>T,0.005524404812604189,0.003285712795332074,0.013531701639294624
chr7:117614712:T>C,0.008734667673707008,0.004881297238171101,0.008734667673707008
chr7:117559567:C>G,0.008734656497836113,0.005285237915813923,0.008734656497836113
chr7:117548724:T>A,0.02620522864162922,0.01680680736899376,0.02620522864162922
chr7:117530903:T>G,0.04314601048827171,0.026722554117441177,0.04314601421356201
chr7:117559567:C>T,0.008734656497836113,0.005285237915813923,0.008734656497836113
chr7:117559567:C>A,0.008734656497836113,0.005285237915813923,0.008734656497836113
chr7:117540238:A>G,0.0055244797840714455,0.0032146121375262737,0.005524482578039169
chr7:117591963:C>G,0.07227341085672379,0.04712439328432083,0.07227341085672379
chr7:117595035:T>A,0.017469288781285286,0.010410108603537083,0.017469288781285286
chr7:117548724:T>G,0.02620522864162922,0.01680680736899376,0.02620522864162922
chr7:117542037:T>G,0.012352676130831242,0.007274596486240625,0.01235267985612154
chr7:117665508:A>T,0.012352659367024899,0.007325959391891956,0.014615860767662525
chr7:117592102:G>A,0.031292807310819626,0.020398778840899467,0.031292811036109924
chr7:117590405:C>A,0.05767509713768959,0.037569575011730194,0.05767509713768959
chr7:117548761:A>T,0.012352731078863144,0.007473506033420563,0.012352731078863144
chr7:117592630:T>G,0.003906285855919123,0.002205078024417162,0.005524405278265476
chr7:117611803:C>G,0.012352663092315197,0.0068911840207874775,0.012352695688605309
chr7:117592630:T>A,0.003906285855919123,0.002205078024417162,0.005524405278265476
chr7:117540221:A>T,0.00011403202370274812,0.00011385329707991332,0.00011406855628592893
chr7:117592260:A>T,0.00025719907716847956,0.0002568921772763133,0.003910423722118139
chr7:117592260:A>C,0.00025719907716847956,0.0002568921772763133,0.003910423722118139
chr7:117611782:T>C,0.00873472262173891,0.005126067902892828,0.008734754286706448
chr7:117548797:G>C,0.01757822185754776,0.011696185916662216,0.01757822185754776
chr7:117531097:A>G,0.06652364134788513,0.041555095463991165,0.0665237307548523
chr7:117592160:A>C,0.003912052605301142,0.0025536920875310898,0.005527021829038858
chr7:117480144:T>A,0.03320331498980522,0.024764714762568474,0.03326467052102089
chr7:117611703:A>G,0.00873485952615738,0.005110100377351046,0.00873486790806055
chr7:117548665:G>C,0.010517966002225876,0.006912902928888798,0.0105179687961936
chr7:117540231:G>A,0.008737764321267605,0.005416738335043192,0.008737768977880478
chr7:117587779:G>A,0.005524283275008202,0.003293793648481369,0.0055242846719920635
chr7:117587815:C>G,0.005524291191250086,0.0032834215089678764,0.005524292588233948
chr7:117540200:C>G,0.007815477438271046,0.004789555445313454,0.007815477438271046
chr7:117540250:C>G,0.003906405530869961,0.002478531328961253,0.003906405996531248
chr7:117542029:A>C,0.01991809345781803,0.011428669095039368,0.01991809345781803
chr7:117592300:T>A,0.0001560391392558813,0.00015593826537951827,0.003909403923898935
chr7:117627556:A>G,0.008734763599932194,0.004993164911866188,0.008734764531254768
chr7:117540245:A>T,0.00873478688299656,0.00553130591288209,0.008734787814319134
chr7:117592300:T>G,0.0001560391392558813,0.00015593826537951827,0.003909403923898935
chr7:117540278:G>T,0.005524392705410719,0.0034310270566493273,0.005524394568055868
chr7:117642474:A>G,0.014084186404943466,0.008195511065423489,0.01408423762768507
chr7:117664746:A>T,0.21241524815559387,0.13384218513965607,0.2127741277217865
chr7:117614613:G>T,0.5903412103652954,0.4241008162498474,0.5903412103652954
chr7:117614636:A>C,0.007812528870999813,0.004338494502007961,0.007812528870999813
chr7:117611647:G>T,0.012352745980024338,0.007108187768608332,0.014615962281823158
chr7:117504338:G>A,0.012352671474218369,0.007385363336652517,0.012352707795798779
chr7:117627672:G>T,0.00873525906354189,0.005072141066193581,0.008735259994864464
chr7:117592602:T>C,0.00012207387771923095,0.00012164338841103017,0.00012207709369249642
chr7:117504300:T>C,0.01408423762768507,0.008279848843812943,0.014084245078265667
chr7:117602827:T>G,0.01657537929713726,0.00971365999430418,0.01747172512114048
chr7:117592587:T>C,0.003906315192580223,0.002200333634391427,0.0039070830680429935
chr7:117509126:T>A,0.005524320527911186,0.003546300111338496,0.0055243209935724735
chr7:117559500:C>T,0.005524291191250086,0.003335513174533844,0.00552429398521781
chr7:117592587:T>G,0.003906315192580223,0.002200333634391427,0.0039070830680429935
chr7:117542089:T>C,0.007812617346644402,0.004673083312809467,0.007812622003257275
chr7:117665539:C>T,0.003906256053596735,0.0022857291623950005,0.0039062644354999065
chr7:117602826:G>A,0.028437945991754532,0.017151253297924995,0.02870498038828373
chr7:117535285:T>C,0.01235269196331501,0.006991651374846697,0.01295563019812107
chr7:117536567:A>T,0.008734679780900478,0.005253998097032309,0.008734680712223053
chr7:117542022:T>A,0.023437563329935074,0.013698984868824482,0.023437563329935074
chr7:117534345:A>T,0.014084197580814362,0.008390392176806927,0.014615865424275398
chr7:117591966:G>A,0.003909909166395664,0.0025253379717469215,0.003909951541572809
chr7:117559533:A>T,0.003906280733644962,0.0023447200655937195,0.003906282130628824
chr7:117590433:T>A,0.014084190130233765,0.008980789221823215,0.014084191992878914
chr7:117542022:T>G,0.023437563329935074,0.013698984868824482,0.023437563329935074
chr7:117540108:T>G,0.021044503897428513,0.013387816026806831,0.021044503897428513
chr7:117540251:T>A,0.008734735660254955,0.005380210932344198,0.008734735660254955
chr7:117540251:T>G,0.008734735660254955,0.005380210932344198,0.008734735660254955
chr7:117534345:A>G,0.014084197580814362,0.008390392176806927,0.014615865424275398
chr7:117540108:T>A,0.021044503897428513,0.013387816026806831,0.021044503897428513
chr7:117559581:G>C,0.005524301901459694,0.0033319692593067884,0.005524305626749992
chr7:117591942:G>A,0.04687727987766266,0.031583718955516815,0.04687727987766266
chr7:117542038:A>C,0.005524367094039917,0.0033412149641662836,0.005524368956685066
chr7:117591957:A>T,0.0195347648113966,0.011729304678738117,0.019921503961086273
chr7:117592293:G>C,0.0002751955471467227,0.0002749725535977632,0.0002781137591227889
chr7:117591942:G>C,0.003910870291292667,0.002598176011815667,0.003910895437002182
chr7:117534327:G>C,0.011718862690031528,0.006936531979590654,0.012352781370282173
chr7:117664692:G>C,0.053130753338336945,0.03154267743229866,0.05820182338356972
chr7:117592032:G>C,0.02735147438943386,0.017619112506508827,0.027629010379314423
chr7:117627546:A>G,0.003912463318556547,0.002265575109049678,0.003912689629942179
chr7:117559639:C>T,0.015625005587935448,0.009259353391826153,0.015625005587935448
chr7:117559590:A>T,0.00781252421438694,0.004717033822089434,0.007812525145709515
chr7:117559639:C>G,0.015625005587935448,0.009259353391826153,0.015625005587935448
chr7:117504258:C>A,0.011718777939677238,0.0069849370047450066,0.011718789115548134
chr7:117540338:A>G,0.01562521979212761,0.009479111060500145,0.01562521979212761
chr7:117614676:A>T,0.007812515832483768,0.00454553822055459,0.007812516763806343
chr7:117614630:G>C,0.007812518626451492,0.004535210784524679,0.007812519557774067
chr7:117652849:T>A,0.007812775671482086,0.004576950799673796,0.007812775671482086
chr7:117509141:G>T,0.012352686375379562,0.008282756432890892,0.012352687306702137
chr7:117652861:G>C,0.00896617490798235,0.006068373564630747,0.009019201621413231
chr7:117534285:C>G,0.007812539115548134,0.004717057105153799,0.007812540046870708
chr7:117536594:G>C,0.011048555374145508,0.0062726158648729324,0.011048555374145508
chr7:117590393:C>G,0.034938596189022064,0.02113248221576214,0.034938596189022064
chr7:117627552:A>T,0.003907546401023865,0.0021833719220012426,0.003907547798007727
chr7:117591977:A>T,0.007814556360244751,0.004753984976559877,0.00873651448637247
chr7:117587745:T>C,0.00873477291315794,0.005333581008017063,0.00873477477580309
chr7:117592590:A>C,3.766418740269728e-05,3.7659476220142096e-05,0.003906515892595053
chr7:117540141:A>G,0.003906470723450184,0.0023839836940169334,0.00390647305175662
chr7:117509045:G>T,0.05524272099137306,0.03517346456646919,0.05524272099137306
chr7:117509045:G>C,0.05524272099137306,0.03517346456646919,0.05524272099137306
chr7:117664818:A>C,0.019918065518140793,0.012415719218552113,0.020669957622885704
chr7:117534354:A>C,0.015625005587935448,0.009111710824072361,0.015625009313225746
chr7:117530948:C>G,0.017469296231865883,0.0107969855889678,0.017469296231865883
chr7:117559560:A>T,0.003906321711838245,0.002361321821808815,0.003906326834112406
chr7:117540116:A>G,0.016121739521622658,0.010462187230587006,0.016121739521622658
chr7:117540116:A>T,0.016121739521622658,0.010462187230587006,0.016121739521622658
chr7:117504311:T>C,0.008734684437513351,0.005074089393019676,0.008734706789255142
chr7:117595030:T>A,0.012352649122476578,0.007437427528202534,0.012352649122476578
chr7:117587803:G>C,0.003906319383531809,0.0024243518710136414,0.003906326834112406
chr7:117540164:T>A,0.011096456088125706,0.00658494932577014,0.011096457950770855
chr7:117504351:A>G,0.005524309352040291,0.003018738003447652,0.005524411331862211
chr7:117614666:A>T,0.005524329375475645,0.003214262891560793,0.00552433030679822
chr7:117536673:A>C,0.015627875924110413,0.009137358516454697,0.015627875924110413
chr7:117540164:T>G,0.011096456088125706,0.00658494932577014,0.011096457950770855
chr7:117592026:A>T,0.2931425869464874,0.21842777729034424,0.29324665665626526
chr7:117652902:G>C,0.009212875738739967,0.005711296573281288,0.009667479433119297
chr7:117603687:T>C,0.005524448584765196,0.003320174990221858,0.006765970028936863
chr7:117591968:A>T,0.22668497264385223,0.1487959325313568,0.22668497264385223
chr7:117664773:A>T,0.01104855164885521,0.006359107326716185,0.011718759313225746
chr7:117480131:T>A,0.01171891763806343,0.008915584534406662,0.011866389773786068
chr7:117530963:A>C,0.00012267129204701632,0.00012260591029189527,0.00012399749539326876
chr7:117614675:C>G,0.008734665811061859,0.005039686802774668,0.008734665811061859
chr7:117603656:G>A,0.005524287465959787,0.00333560723811388,0.0067658377811312675
chr7:117536657:A>T,0.003906346391886473,0.0023613229859620333,0.003906351048499346
chr7:117548816:C>G,0.0761721208691597,0.04997873306274414,0.0761721208691597
chr7:117603657:C>G,0.02210026979446411,0.013030542992055416,0.022100290283560753
chr7:117509096:G>C,0.02762136235833168,0.01614799164235592,0.02762136235833168
chr7:117594935:C>G,0.011048613116145134,0.0065482486970722675,0.011048613116145134
chr7:117652884:C>G,0.0058593833819031715,0.003775104181841016,0.006103526335209608
chr7:117592170:G>C,0.04355528578162193,0.029065167531371117,0.04355528950691223
chr7:117642495:A>G,0.00873467605561018,0.004874988924711943,0.008735145442187786
chr7:117606737:T>C,0.014084188267588615,0.008147139102220535,0.01408418919891119
chr7:117594970:C>G,0.2616969645023346,0.16655266284942627,0.2616969645023346
chr7:117504288:A>C,0.005524592939764261,0.0032406633254140615,0.00552468141540885
chr7:117504336:C>G,0.011048584245145321,0.006495319772511721,0.011048591695725918
chr7:117559589:C>G,0.005524288862943649,0.003111613914370537,0.005524292588233948
chr7:117652915:G>T,0.012079419568181038,0.010187586769461632,0.014385679736733437
chr7:117627526:G>A,0.003908922430127859,0.0021998274605721235,0.003909110091626644
chr7:117559615:A>C,0.003906303085386753,0.002312188036739826,0.00390630355104804
chr7:117611692:T>C,0.003906345460563898,0.002296346938237548,0.003906351514160633
chr7:117627736:A>T,0.05093599483370781,0.03183106333017349,0.05093599483370781
chr7:117590424:A>T,0.620854914188385,0.42500266432762146,0.620854914188385
chr7:117591987:T>C,0.03125390782952309,0.019855670630931854,0.03149566426873207
chr7:117590412:T>A,0.047037482261657715,0.028969168663024902,0.047037482261657715
chr7:117652844:A>C,0.024025239050388336,0.014451595954596996,0.024025240913033485
chr7:117530902:G>C,0.017469460144639015,0.0108303502202034,0.017469465732574463
chr7:117531002:G>C,0.008736657910048962,0.005421387497335672,0.008736680261790752
chr7:117592047:A>C,0.003992329817265272,0.00249036424793303,0.007838337682187557
chr7:117534363:G>C,0.012352668680250645,0.007556860335171223,0.01235266961157322
chr7:117540149:A>G,0.008777754381299019,0.00551121449097991,0.008777757175266743
chr7:117627547:A>T,0.003906993195414543,0.0023679989390075207,0.003907219506800175
chr7:117540180:T>C,0.0055634817108511925,0.00352455978281796,0.005563484039157629
chr7:117590417:A>T,0.00873466394841671,0.005680476780980825,0.008734666742384434
