variant,sift_raw,sift_score_inv,polyphen_raw,polyphen_score
Ser13Phe,deleterious_low_confidence(0),1.0,probably_damaging(0.999),0.999
Arg31Cys,deleterious_low_confidence(0),1.0,possibly_damaging(0.673),0.673
Arg31Leu,deleterious_low_confidence(0),1.0,benign(0.136),0.136
Ser42Phe,deleterious_low_confidence(0.01),0.99,benign(0.371),0.371
Asp44Gly,deleterious_low_confidence(0),1.0,possibly_damaging(0.576),0.576
Ser50Tyr,deleterious_low_confidence(0),1.0,probably_damaging(0.991),0.991
Trp57Gly,deleterious_low_confidence(0),1.0,benign(0.131),0.131
Pro67Leu,deleterious_low_confidence(0),1.0,probably_damaging(0.999),0.999
Arg74Trp,deleterious_low_confidence(0),1.0,possibly_damaging(0.673),0.673
Arg75Gln,deleterious_low_confidence(0),1.0,probably_damaging(0.993),0.993
Gly85Glu,deleterious_low_confidence(0),1.0,probably_damaging(0.974),0.974
Phe87Leu,tolerated_low_confidence(1),0.0,benign(0),0.0
Gly91Arg,deleterious_low_confidence(0),1.0,probably_damaging(0.941),0.941
Glu92Lys,deleterious_low_confidence(0),1.0,probably_damaging(0.998),0.998
Gln98Arg,deleterious_low_confidence(0),1.0,probably_damaging(0.999),0.999
Tyr109Cys,deleterious_low_confidence(0),1.0,probably_damaging(0.993),0.993
Asp110His,deleterious_low_confidence(0),1.0,probably_damaging(0.988),0.988
Pro111Leu,deleterious_low_confidence(0),1.0,possibly_damaging(0.907),0.907
Arg117Cys,deleterious_low_confidence(0.01),0.99,probably_damaging(1),1.0
Arg117His,deleterious_low_confidence(0),1.0,probably_damaging(1),1.0
Arg117Pro,deleterious_low_confidence(0),1.0,probably_damaging(1),1.0
Arg117Leu,deleterious_low_confidence(0),1.0,probably_damaging(0.999),0.999
Ala120Thr,deleterious_low_confidence(0),1.0,probably_damaging(0.987),0.987
His139Arg,deleterious_low_confidence(0.01),0.99,possibly_damaging(0.741),0.741
Ala141Asp,deleterious_low_confidence(0),1.0,possibly_damaging(0.858),0.858
Ile148Thr,deleterious_low_confidence(0),1.0,benign(0.385),0.385
Gly149Arg,deleterious_low_confidence(0),1.0,probably_damaging(1),1.0
Arg170His,deleterious_low_confidence(0),1.0,probably_damaging(0.96),0.96
Gly178Arg,deleterious_low_confidence(0),1.0,probably_damaging(0.997),0.997
Glu193Lys,deleterious_low_confidence(0),1.0,probably_damaging(0.951),0.951
His199Tyr,deleterious_low_confidence(0),1.0,probably_damaging(0.999),0.999
His199Gln,deleterious_low_confidence(0),1.0,probably_damaging(1),1.0
Pro205Ser,deleterious_low_confidence(0),1.0,probably_damaging(1),1.0
Leu206Trp,deleterious_low_confidence(0),1.0,probably_damaging(0.999),0.999
Cys225Arg,deleterious_low_confidence(0),1.0,possibly_damaging(0.663),0.663
Met244Lys,deleterious_low_confidence(0),1.0,possibly_damaging(0.716),0.716
Arg258Gly,deleterious_low_confidence(0),1.0,possibly_damaging(0.868),0.868
Asn287Tyr,deleterious_low_confidence(0),1.0,possibly_damaging(0.71),0.71
Arg297Gln,tolerated_low_confidence(0.11),0.89,benign(0.131),0.131
Tyr301Cys,deleterious_low_confidence(0.04),0.96,probably_damaging(0.97),0.97
Ser307Asn,deleterious_low_confidence(0),1.0,probably_damaging(0.999),0.999
Phe311Leu,deleterious_low_confidence(0),1.0,possibly_damaging(0.868),0.868
Gly314Arg,deleterious_low_confidence(0),1.0,probably_damaging(0.991),0.991
Gly314Glu,deleterious_low_confidence(0),1.0,probably_damaging(0.988),0.988
Val322Met,deleterious_low_confidence(0),1.0,possibly_damaging(0.742),0.742
Arg334Trp,deleterious_low_confidence(0),1.0,probably_damaging(1),1.0
Ile336Lys,deleterious_low_confidence(0),1.0,probably_damaging(0.999),0.999
Thr338Ile,deleterious_low_confidence(0),1.0,probably_damaging(0.998),0.998
Leu346Pro,deleterious_low_confidence(0),1.0,probably_damaging(1),1.0
Arg347His,deleterious_low_confidence(0),1.0,probably_damaging(0.999),0.999
Arg347Pro,deleterious_low_confidence(0),1.0,probably_damaging(0.999),0.999
Arg347Leu,deleterious_low_confidence(0),1.0,probably_damaging(0.997),0.997
Thr351Ser,deleterious_low_confidence(0),1.0,probably_damaging(0.922),0.922
Arg352Gln,deleterious_low_confidence(0),1.0,probably_damaging(0.995),0.995
Gln353His,deleterious_low_confidence(0.01),0.99,probably_damaging(0.998),0.998
Gln359Lys,deleterious_low_confidence(0),1.0,probably_damaging(0.976),0.976
Ala455Glu,deleterious_low_confidence(0),1.0,probably_damaging(0.966),0.966
Val456Phe,deleterious_low_confidence(0),1.0,possibly_damaging(0.667),0.667
Gly458Val,deleterious_low_confidence(0),1.0,probably_damaging(1),1.0
Leu467Phe,deleterious_low_confidence(0),1.0,probably_damaging(1),1.0
Val470Met,tolerated_low_confidence(1),0.0,benign(0.001),0.001
Gly480Cys,deleterious_low_confidence(0),1.0,probably_damaging(1),1.0
Ser492Phe,deleterious_low_confidence(0),1.0,probably_damaging(0.952),0.952
Glu504Gln,deleterious_low_confidence(0),1.0,benign(0.275),0.275
Ile506Val,deleterious_low_confidence(0),1.0,probably_damaging(0.997),0.997
Ile506Met,deleterious_low_confidence(0),1.0,probably_damaging(1),1.0
Ile507Val,tolerated_low_confidence(0.14),0.86,benign(0.024),0.024
Phe508Cys,deleterious_low_confidence(0),1.0,probably_damaging(1),1.0
Asp513Gly,deleterious_low_confidence(0),1.0,probably_damaging(1),1.0
Val520Phe,deleterious_low_confidence(0),1.0,probably_damaging(0.949),0.949
Gly544Val,deleterious_low_confidence(0),1.0,probably_damaging(1),1.0
Ser549Arg,deleterious_low_confidence(0),1.0,probably_damaging(1),1.0
Ser549Asn,deleterious_low_confidence(0),1.0,probably_damaging(0.998),0.998
Ser549Ile,deleterious_low_confidence(0),1.0,probably_damaging(1),1.0
Gly551Ser,deleterious_low_confidence(0),1.0,probably_damaging(0.997),0.997
Gly551Asp,deleterious_low_confidence(0.01),0.99,probably_damaging(1),1.0
Arg553Gln,deleterious_low_confidence(0.03),0.97,probably_damaging(0.989),0.989
Leu558Ser,deleterious_low_confidence(0.01),0.99,probably_damaging(1),1.0
Ala559Thr,deleterious_low_confidence(0),1.0,probably_damaging(0.999),0.999
Arg560Lys,deleterious_low_confidence(0.01),0.99,probably_damaging(1),1.0
Arg560Thr,deleterious_low_confidence(0),1.0,probably_damaging(1),1.0
Val562Ile,tolerated_low_confidence(0.07),0.93,benign(0.024),0.024
Val562Leu,deleterious_low_confidence(0.05),0.95,benign(0.015),0.015
Tyr563Asn,deleterious_low_confidence(0),1.0,probably_damaging(1),1.0
Tyr569His,deleterious_low_confidence(0),1.0,probably_damaging(1),1.0
Tyr569Asp,deleterious_low_confidence(0),1.0,probably_damaging(1),1.0
Tyr569Cys,deleterious_low_confidence(0),1.0,probably_damaging(1),1.0
Leu571Ser,deleterious_low_confidence(0),1.0,probably_damaging(0.999),0.999
Asp572Asn,deleterious_low_confidence(0),1.0,probably_damaging(1),1.0
Pro574His,deleterious_low_confidence(0),1.0,probably_damaging(1),1.0
Gly576Ala,tolerated_low_confidence(0.22),0.78,possibly_damaging(0.522),0.522
Asp579Gly,deleterious_low_confidence(0),1.0,probably_damaging(1),1.0
Ile601Phe,deleterious_low_confidence(0),1.0,possibly_damaging(0.901),0.901
Leu610Ser,deleterious_low_confidence(0),1.0,probably_damaging(1),1.0
Ala613Thr,deleterious_low_confidence(0),1.0,probably_damaging(0.997),0.997
Asp614Gly,deleterious_low_confidence(0),1.0,probably_damaging(1),1.0
Ile618Thr,deleterious_low_confidence(0),1.0,probably_damaging(0.979),0.979
Leu619Ser,deleterious_low_confidence(0),1.0,probably_damaging(1),1.0
His620Pro,deleterious_low_confidence(0),1.0,probably_damaging(1),1.0
His620Gln,deleterious_low_confidence(0),1.0,probably_damaging(0.998),0.998
Gly622Asp,deleterious_low_confidence(0),1.0,probably_damaging(1),1.0
Gly628Arg,deleterious_low_confidence(0),1.0,probably_damaging(1),1.0
Leu633Pro,deleterious_low_confidence(0),1.0,probably_damaging(1),1.0
Asp648Val,deleterious_low_confidence(0.02),0.98,benign(0.019),0.019
Arg668Cys,deleterious_low_confidence(0),1.0,probably_damaging(1),1.0
Phe693Leu,tolerated_low_confidence(0.15),0.85,benign(0.005),0.005
Val754Met,tolerated_low_confidence(0.78),0.22,benign(0.013),0.013
Arg766Met,deleterious_low_confidence(0),1.0,probably_damaging(1),1.0
Arg792Gly,deleterious_low_confidence(0.01),0.99,possibly_damaging(0.895),0.895
Ala800Gly,tolerated_low_confidence(0.08),0.92,benign(0),0.0
Ile807Met,deleterious_low_confidence(0),1.0,probably_damaging(0.977),0.977
Glu822Lys,deleterious_low_confidence(0.01),0.99,possibly_damaging(0.709),0.709
Glu826Lys,deleterious_low_confidence(0),1.0,probably_damaging(0.953),0.953
Cys866Tyr,deleterious_low_confidence(0),1.0,probably_damaging(0.982),0.982
Ser912Leu,deleterious_low_confidence(0.03),0.97,benign(0.04),0.04
Tyr913Cys,deleterious_low_confidence(0),1.0,probably_damaging(0.951),0.951
Tyr917Cys,deleterious_low_confidence(0),1.0,probably_damaging(0.996),0.996
His949Tyr,deleterious_low_confidence(0),1.0,probably_damaging(1),1.0
Met952Ile,deleterious_low_confidence(0),1.0,probably_damaging(0.955),0.955
Leu967Ser,deleterious_low_confidence(0),1.0,probably_damaging(0.91),0.91
Leu997Phe,deleterious_low_confidence(0),1.0,probably_damaging(0.991),0.991
Ile1005Arg,deleterious_low_confidence(0),1.0,probably_damaging(0.929),0.929
Ala1006Glu,deleterious_low_confidence(0.04),0.96,benign(0.132),0.132
Pro1013Leu,deleterious_low_confidence(0.01),0.99,probably_damaging(1),1.0
Met1028Ile,tolerated_low_confidence(0.58),0.42,benign(0),0.0
Phe1052Val,deleterious_low_confidence(0.01),0.99,probably_damaging(0.997),0.997
Gly1061Arg,deleterious_low_confidence(0),1.0,probably_damaging(1),1.0
Leu1065Pro,deleterious_low_confidence(0),1.0,probably_damaging(0.983),0.983
Leu1065Arg,deleterious_low_confidence(0),1.0,probably_damaging(0.983),0.983
Arg1066Cys,deleterious_low_confidence(0),1.0,probably_damaging(1),1.0
Arg1066His,deleterious_low_confidence(0),1.0,probably_damaging(0.977),0.977
Arg1066Leu,deleterious_low_confidence(0),1.0,probably_damaging(0.998),0.998
Ala1067Thr,deleterious_low_confidence(0),1.0,probably_damaging(1),1.0
Ala1067Val,deleterious_low_confidence(0),1.0,probably_damaging(1),1.0
Arg1070Trp,deleterious_low_confidence(0),1.0,probably_damaging(1),1.0
Arg1070Gln,deleterious_low_confidence(0),1.0,probably_damaging(0.998),0.998
Arg1070Pro,deleterious_low_confidence(0),1.0,probably_damaging(0.999),0.999
Gln1071Pro,deleterious_low_confidence(0),1.0,probably_damaging(0.999),0.999
Leu1077Pro,deleterious_low_confidence(0),1.0,probably_damaging(1),1.0
His1085Arg,deleterious_low_confidence(0),1.0,probably_damaging(0.997),0.997
Trp1098Arg,deleterious_low_confidence(0),1.0,probably_damaging(1),1.0
Met1101Lys,deleterious_low_confidence(0),1.0,probably_damaging(0.912),0.912
Met1101Arg,deleterious_low_confidence(0),1.0,probably_damaging(0.945),0.945
Met1137Val,deleterious_low_confidence(0),1.0,possibly_damaging(0.559),0.559
Asp1152His,deleterious_low_confidence(0.01),0.99,possibly_damaging(0.582),0.582
Arg1162Leu,deleterious_low_confidence(0),1.0,possibly_damaging(0.73),0.73
Thr1220Ile,tolerated_low_confidence(0.18),0.82,benign(0),0.0
Ile1234Val,tolerated_low_confidence(1),0.0,benign(0.006),0.006
Ser1235Arg,deleterious_low_confidence(0.01),0.99,benign(0.206),0.206
Gly1244Glu,deleterious_low_confidence(0),1.0,probably_damaging(1),1.0
Gly1249Glu,deleterious_low_confidence(0),1.0,probably_damaging(1),1.0
Ser1251Asn,deleterious_low_confidence(0),1.0,probably_damaging(0.966),0.966
Ser1255Pro,deleterious_low_confidence(0.03),0.97,possibly_damaging(0.54),0.54
Asp1270Asn,deleterious_low_confidence(0),1.0,probably_damaging(1),1.0
Trp1282Arg,deleterious_low_confidence(0),1.0,probably_damaging(1),1.0
Arg1283Met,deleterious_low_confidence(0),1.0,probably_damaging(1),1.0
Phe1286Ser,deleterious_low_confidence(0),1.0,probably_damaging(0.999),0.999
Gln1291Arg,deleterious_low_confidence(0),1.0,benign(0.125),0.125
Gln1291His,deleterious_low_confidence(0),1.0,probably_damaging(0.973),0.973
Asn1303His,deleterious_low_confidence(0),1.0,probably_damaging(1),1.0
Asn1303Lys,deleterious_low_confidence(0),1.0,probably_damaging(1),1.0
Gly1349Asp,deleterious_low_confidence(0),1.0,probably_damaging(1),1.0
Ala1364Val,deleterious_low_confidence(0),1.0,probably_damaging(1),1.0
Val1397Glu,deleterious_low_confidence(0),1.0,probably_damaging(0.987),0.987
Gln2Leu,deleterious_low_confidence(0),1.0,possibly_damaging(0.545),0.545
Gln2Pro,deleterious_low_confidence(0),1.0,possibly_damaging(0.773),0.773
Arg3Trp,deleterious_low_confidence(0),1.0,possibly_damaging(0.671),0.671
Arg3Met,deleterious_low_confidence(0.01),0.99,possibly_damaging(0.482),0.482
Ser4Leu,deleterious_low_confidence(0),1.0,benign(0.014),0.014
Ser4Trp,deleterious_low_confidence(0),1.0,possibly_damaging(0.844),0.844
Pro5Ser,deleterious_low_confidence(0),1.0,probably_damaging(0.994),0.994
Pro5Arg,deleterious_low_confidence(0),1.0,probably_damaging(0.996),0.996
Pro5Leu,deleterious_low_confidence(0),1.0,probably_damaging(0.996),0.996
Leu6Val,tolerated_low_confidence(1),0.0,benign(0.001),0.001
Lys8Arg,deleterious_low_confidence(0.04),0.96,benign(0.003),0.003
Ala9Val,deleterious_low_confidence(0.01),0.99,possibly_damaging(0.743),0.743
Ser10Thr,deleterious_low_confidence(0.02),0.98,benign(0.031),0.031
Ser10Asn,tolerated_low_confidence(1),0.0,benign(0),0.0
Ser10Arg,deleterious_low_confidence(0.02),0.98,benign(0.066),0.066
Val11Ile,tolerated_low_confidence(0.25),0.75,benign(0),0.0
Val12Ala,deleterious_low_confidence(0.02),0.98,benign(0.007),0.007
Ser13Cys,deleterious_low_confidence(0),1.0,probably_damaging(0.999),0.999
Ser13Tyr,deleterious_low_confidence(0),1.0,probably_damaging(0.999),0.999
Lys14Gln,deleterious_low_confidence(0.05),0.95,benign(0.003),0.003
Lys14Glu,deleterious_low_confidence(0.03),0.97,benign(0.001),0.001
Lys14Arg,tolerated_low_confidence(0.29),0.71,benign(0.001),0.001
Lys14Ile,deleterious_low_confidence(0.03),0.97,benign(0.103),0.103
Leu15His,deleterious_low_confidence(0.02),0.98,benign(0.432),0.432
Leu15Pro,deleterious_low_confidence(0.02),0.98,benign(0.439),0.439
Phe17Leu,deleterious_low_confidence(0.04),0.96,benign(0.239),0.239
Phe17Val,deleterious_low_confidence(0),1.0,benign(0.324),0.324
Ser18Gly,tolerated_low_confidence(0.33),0.67,benign(0.053),0.053
Ser18Ile,tolerated_low_confidence(0.4),0.6,benign(0.342),0.342
Ser18Arg,tolerated_low_confidence(0.58),0.42,benign(0.001),0.001
Trp19Cys,deleterious_low_confidence(0),1.0,probably_damaging(0.999),0.999
Arg21Ile,deleterious_low_confidence(0.04),0.96,benign(0),0.0
Ile23Val,deleterious_low_confidence(0.04),0.96,benign(0.335),0.335
Ile23Thr,deleterious_low_confidence(0),1.0,possibly_damaging(0.824),0.824
Leu24Val,deleterious_low_confidence(0),1.0,possibly_damaging(0.885),0.885
Lys26Glu,deleterious_low_confidence(0),1.0,probably_damaging(0.998),0.998
Gly27Arg,deleterious_low_confidence(0),1.0,probably_damaging(1),1.0
Gly27Val,deleterious_low_confidence(0),1.0,probably_damaging(1),1.0
Gly27Glu,deleterious_low_confidence(0),1.0,probably_damaging(1),1.0
Arg29Gly,deleterious_low_confidence(0),1.0,possibly_damaging(0.772),0.772
Gln30Pro,deleterious_low_confidence(0),1.0,benign(0.232),0.232
Gln30Arg,tolerated_low_confidence(0.22),0.78,benign(0.003),0.003
Arg31Gly,deleterious_low_confidence(0),1.0,benign(0.136),0.136
Arg31Pro,deleterious_low_confidence(0),1.0,benign(0.407),0.407
Arg31His,deleterious_low_confidence(0.05),0.95,benign(0.003),0.003
Leu32Met,deleterious_low_confidence(0),1.0,probably_damaging(0.999),0.999
Ser35Leu,deleterious_low_confidence(0.01),0.99,possibly_damaging(0.812),0.812
Asp36Ala,deleterious_low_confidence(0),1.0,probably_damaging(0.999),0.999
Ile37Leu,deleterious_low_confidence(0.04),0.96,benign(0.103),0.103
Ile37Val,tolerated_low_confidence(1),0.0,benign(0.006),0.006
Ile37Thr,deleterious_low_confidence(0.04),0.96,benign(0.404),0.404
Tyr38His,deleterious_low_confidence(0),1.0,probably_damaging(0.999),0.999
Tyr38Cys,deleterious_low_confidence(0),1.0,probably_damaging(0.999),0.999
Gln39Pro,deleterious_low_confidence(0),1.0,benign(0.385),0.385
Gln39His,tolerated_low_confidence(0.08),0.92,benign(0.005),0.005
Pro41Ala,deleterious_low_confidence(0.01),0.99,benign(0.2),0.2
Pro41Arg,deleterious_low_confidence(0),1.0,possibly_damaging(0.676),0.676
Val43Ile,tolerated_low_confidence(0.3),0.7,benign(0.011),0.011
Val43Ala,tolerated_low_confidence(0.93),0.07,benign(0),0.0
Asp44Val,deleterious_low_confidence(0),1.0,possibly_damaging(0.867),0.867
Ser45Cys,deleterious_low_confidence(0.04),0.96,probably_damaging(0.949),0.949
Ala46Thr,deleterious_low_confidence(0),1.0,probably_damaging(0.999),0.999
Ala46Asp,deleterious_low_confidence(0),1.0,probably_damaging(0.999),0.999
Ala46Val,deleterious_low_confidence(0),1.0,probably_damaging(0.999),0.999
Asn48His,tolerated_low_confidence(0.13),0.87,benign(0.003),0.003
Asn48Lys,deleterious_low_confidence(0.01),0.99,benign(0.1),0.1
Leu49Val,deleterious_low_confidence(0.01),0.99,probably_damaging(0.997),0.997
Leu49Pro,deleterious_low_confidence(0),1.0,probably_damaging(0.999),0.999
Ser50Pro,deleterious_low_confidence(0.02),0.98,probably_damaging(0.981),0.981
Lys52Ile,deleterious_low_confidence(0.03),0.97,benign(0.003),0.003
Glu54Gly,deleterious_low_confidence(0),1.0,probably_damaging(0.956),0.956
Glu54Ala,deleterious_low_confidence(0.01),0.99,benign(0.386),0.386
Arg55Gly,deleterious_low_confidence(0),1.0,possibly_damaging(0.893),0.893
Arg55Ile,deleterious_low_confidence(0),1.0,probably_damaging(0.963),0.963
Arg55Lys,tolerated_low_confidence(0.11),0.89,benign(0.088),0.088
Glu56Lys,deleterious_low_confidence(0),1.0,probably_damaging(0.979),0.979
Glu56Gly,deleterious_low_confidence(0),1.0,probably_damaging(0.987),0.987
Glu56Asp,deleterious_low_confidence(0),1.0,probably_damaging(0.971),0.971
Trp57Arg,deleterious_low_confidence(0),1.0,probably_damaging(0.982),0.982
Asp58Tyr,deleterious_low_confidence(0),1.0,probably_damaging(0.987),0.987
Asp58Asn,deleterious_low_confidence(0),1.0,probably_damaging(0.949),0.949
Asp58Val,deleterious_low_confidence(0),1.0,probably_damaging(0.935),0.935
Asp58Gly,deleterious_low_confidence(0),1.0,probably_damaging(0.949),0.949
Glu60Lys,deleterious_low_confidence(0),1.0,probably_damaging(0.998),0.998
Glu60Gln,deleterious_low_confidence(0),1.0,probably_damaging(0.999),0.999
Glu60Gly,deleterious_low_confidence(0),1.0,probably_damaging(0.999),0.999
Glu60Asp,deleterious_low_confidence(0),1.0,probably_damaging(0.997),0.997
Ala62Thr,deleterious_low_confidence(0),1.0,possibly_damaging(0.494),0.494
Ala62Ser,deleterious_low_confidence(0.02),0.98,possibly_damaging(0.534),0.534
Ala62Pro,deleterious_low_confidence(0),1.0,possibly_damaging(0.798),0.798
Lys64Glu,tolerated_low_confidence(0.05),0.95,probably_damaging(0.995),0.995
Lys65Arg,deleterious_low_confidence(0.04),0.96,benign(0.085),0.085
Lys65Thr,deleterious_low_confidence(0.03),0.97,possibly_damaging(0.848),0.848
Asn66Asp,deleterious_low_confidence(0),1.0,benign(0.042),0.042
Pro67Ser,deleterious_low_confidence(0),1.0,probably_damaging(0.999),0.999
Lys68Gln,deleterious_low_confidence(0.02),0.98,benign(0.023),0.023
Lys68Glu,deleterious_low_confidence(0),1.0,benign(0.108),0.108
Lys68Asn,deleterious_low_confidence(0.01),0.99,benign(0.206),0.206
Leu69Ile,deleterious_low_confidence(0),1.0,probably_damaging(0.997),0.997
Leu69Arg,deleterious_low_confidence(0),1.0,probably_damaging(0.999),0.999
Ile70Val,deleterious_low_confidence(0.05),0.95,benign(0.021),0.021
Ile70Met,tolerated_low_confidence(0.31),0.69,benign(0.089),0.089
Asn71Ser,tolerated_low_confidence(0.08),0.92,benign(0.207),0.207
Ala72Thr,deleterious_low_confidence(0),1.0,probably_damaging(0.999),0.999
Ala72Gly,deleterious_low_confidence(0),1.0,probably_damaging(0.998),0.998
Ala72Asp,deleterious_low_confidence(0),1.0,probably_damaging(0.999),0.999
Arg74Pro,deleterious_low_confidence(0.02),0.98,benign(0.407),0.407
Arg74Gln,tolerated_low_confidence(0.1),0.9,benign(0.01),0.01
Arg75Leu,deleterious_low_confidence(0),1.0,probably_damaging(0.993),0.993
Cys76Arg,deleterious_low_confidence(0),1.0,probably_damaging(0.997),0.997
Cys76Ser,deleterious_low_confidence(0.01),0.99,probably_damaging(0.983),0.983
Cys76Phe,deleterious_low_confidence(0),1.0,probably_damaging(0.998),0.998
Cys76Trp,deleterious_low_confidence(0),1.0,probably_damaging(0.998),0.998
Phe78Leu,tolerated_low_confidence(0.22),0.78,benign(0),0.0
Trp79Arg,tolerated_low_confidence(0.18),0.82,possibly_damaging(0.777),0.777
Trp79Cys,deleterious_low_confidence(0.01),0.99,probably_damaging(0.949),0.949
Arg80Thr,tolerated_low_confidence(0.05),0.95,benign(0.086),0.086
Phe81Leu,deleterious_low_confidence(0),1.0,probably_damaging(0.996),0.996
Phe81Tyr,deleterious_low_confidence(0),1.0,probably_damaging(0.947),0.947
Met82Val,tolerated_low_confidence(0.54),0.46,benign(0),0.0
Met82Thr,tolerated_low_confidence(0.1),0.9,benign(0),0.0
Met82Ile,tolerated_low_confidence(0.26),0.74,benign(0),0.0
Phe83Leu,tolerated_low_confidence(0.22),0.78,benign(0.043),0.043
Tyr84His,deleterious_low_confidence(0.03),0.97,benign(0.031),0.031
Tyr84Cys,deleterious_low_confidence(0.05),0.95,possibly_damaging(0.846),0.846
Gly85Arg,deleterious_low_confidence(0),1.0,probably_damaging(0.986),0.986
Gly85Ala,deleterious_low_confidence(0),1.0,possibly_damaging(0.865),0.865
Gly85Val,deleterious_low_confidence(0),1.0,probably_damaging(0.982),0.982
Ile86Val,tolerated_low_confidence(0.36),0.64,benign(0.006),0.006
Ile86Asn,deleterious_low_confidence(0),1.0,possibly_damaging(0.858),0.858
Ile86Met,deleterious_low_confidence(0),1.0,possibly_damaging(0.605),0.605
Phe87Ile,tolerated_low_confidence(0.28),0.72,benign(0),0.0
Phe87Cys,deleterious_low_confidence(0),1.0,possibly_damaging(0.597),0.597
Phe87Ser,deleterious_low_confidence(0),1.0,benign(0.12),0.12
Leu88Ser,deleterious_low_confidence(0),1.0,benign(0.374),0.374
Leu88Phe,deleterious_low_confidence(0),1.0,probably_damaging(0.977),0.977
Tyr89Cys,deleterious_low_confidence(0),1.0,probably_damaging(0.982),0.982
Leu90Ser,deleterious_low_confidence(0),1.0,probably_damaging(0.963),0.963
Glu92Val,deleterious_low_confidence(0.05),0.95,probably_damaging(1),1.0
Glu92Asp,deleterious_low_confidence(0),1.0,probably_damaging(0.961),0.961
Val93Asp,deleterious_low_confidence(0),1.0,probably_damaging(0.955),0.955
Thr94Pro,deleterious_low_confidence(0),1.0,probably_damaging(0.968),0.968
Thr94Ile,deleterious_low_confidence(0),1.0,possibly_damaging(0.739),0.739
Lys95Arg,deleterious_low_confidence(0),1.0,probably_damaging(0.973),0.973
Ala96Glu,deleterious_low_confidence(0),1.0,possibly_damaging(0.561),0.561
Val97Ala,deleterious_low_confidence(0),1.0,benign(0.32),0.32
Gln98Pro,deleterious_low_confidence(0),1.0,probably_damaging(0.999),0.999
Pro99Ala,deleterious_low_confidence(0),1.0,probably_damaging(1),1.0
Pro99Arg,deleterious_low_confidence(0),1.0,probably_damaging(1),1.0
Pro99Leu,deleterious_low_confidence(0),1.0,probably_damaging(1),1.0
Leu100Phe,tolerated_low_confidence(0.16),0.84,probably_damaging(0.911),0.911
Leu100His,deleterious_low_confidence(0.02),0.98,probably_damaging(0.95),0.95
Leu100Pro,deleterious_low_confidence(0.04),0.96,probably_damaging(0.955),0.955
Leu102Pro,deleterious_low_confidence(0),1.0,probably_damaging(0.995),0.995
Leu102Arg,deleterious_low_confidence(0),1.0,probably_damaging(0.993),0.993
Gly103Arg,deleterious_low_confidence(0),1.0,probably_damaging(1),1.0
Arg104Gly,deleterious_low_confidence(0),1.0,probably_damaging(0.999),0.999
Arg104Thr,deleterious_low_confidence(0),1.0,probably_damaging(0.997),0.997
Arg104Ile,deleterious_low_confidence(0),1.0,probably_damaging(0.998),0.998
Ile105Leu,deleterious_low_confidence(0),1.0,probably_damaging(0.914),0.914
Ile105Asn,deleterious_low_confidence(0),1.0,probably_damaging(1),1.0
Ile106Val,deleterious_low_confidence(0),1.0,probably_damaging(0.994),0.994
Ile106Thr,deleterious_low_confidence(0),1.0,probably_damaging(0.999),0.999
Ala107Pro,deleterious_low_confidence(0),1.0,probably_damaging(0.994),0.994
Ala107Gly,tolerated_low_confidence(0.06),0.94,benign(0.373),0.373
Ala107Asp,deleterious_low_confidence(0),1.0,probably_damaging(0.991),0.991
Ser108Pro,deleterious_low_confidence(0),1.0,probably_damaging(0.999),0.999
Ser108Phe,deleterious_low_confidence(0),1.0,probably_damaging(0.998),0.998
Tyr109Asn,deleterious_low_confidence(0),1.0,probably_damaging(0.99),0.99
Tyr109His,deleterious_low_confidence(0),1.0,probably_damaging(0.99),0.99
Asp110Tyr,deleterious_low_confidence(0),1.0,probably_damaging(0.992),0.992
Asp110Asn,deleterious_low_confidence(0.02),0.98,benign(0.337),0.337
Asp110Val,deleterious_low_confidence(0),1.0,probably_damaging(0.985),0.985
Asp110Glu,deleterious_low_confidence(0),1.0,possibly_damaging(0.907),0.907
Pro111Ser,deleterious_low_confidence(0.01),0.99,possibly_damaging(0.907),0.907
Pro111Ala,deleterious_low_confidence(0.01),0.99,benign(0.174),0.174
Pro111Arg,deleterious_low_confidence(0.01),0.99,benign(0.174),0.174
Asp112Gly,tolerated_low_confidence(0.33),0.67,benign(0.323),0.323
Asn113Asp,deleterious_low_confidence(0.01),0.99,probably_damaging(0.914),0.914
Lys114Asn,deleterious_low_confidence(0.04),0.96,benign(0.017),0.017
Glu116Gln,deleterious_low_confidence(0),1.0,probably_damaging(0.999),0.999
Glu116Lys,deleterious_low_confidence(0),1.0,probably_damaging(0.997),0.997
Arg117Gly,deleterious_low_confidence(0),1.0,probably_damaging(0.999),0.999
Ser118Pro,deleterious_low_confidence(0.02),0.98,possibly_damaging(0.872),0.872
Ser118Phe,deleterious_low_confidence(0),1.0,probably_damaging(0.934),0.934
Ile119Val,tolerated_low_confidence(0.69),0.31,possibly_damaging(0.768),0.768
Ile119Asn,tolerated_low_confidence(0.39),0.61,benign(0.088),0.088
Ile119Ser,tolerated_low_confidence(0.61),0.39,benign(0.231),0.231
Ala120Val,deleterious_low_confidence(0.02),0.98,probably_damaging(0.991),0.991
Ile121Val,deleterious_low_confidence(0),1.0,benign(0.226),0.226
Tyr122Asn,deleterious_low_confidence(0),1.0,probably_damaging(0.994),0.994
Tyr122His,deleterious_low_confidence(0),1.0,probably_damaging(0.994),0.994
Tyr122Cys,deleterious_low_confidence(0),1.0,probably_damaging(0.996),0.996
Gly124Arg,deleterious_low_confidence(0),1.0,possibly_damaging(0.789),0.789
Gly124Asp,deleterious_low_confidence(0),1.0,possibly_damaging(0.712),0.712
Ile125Thr,deleterious_low_confidence(0.01),0.99,benign(0.208),0.208
Ile125Met,deleterious_low_confidence(0),1.0,possibly_damaging(0.564),0.564
Gly126Ser,deleterious_low_confidence(0),1.0,probably_damaging(1),1.0
Gly126Ala,deleterious_low_confidence(0),1.0,probably_damaging(0.999),0.999
Gly126Asp,deleterious_low_confidence(0),1.0,probably_damaging(1),1.0
Gly126Val,deleterious_low_confidence(0),1.0,probably_damaging(0.993),0.993
Leu127Phe,deleterious_low_confidence(0.02),0.98,probably_damaging(0.999),0.999
Leu129Pro,deleterious_low_confidence(0),1.0,probably_damaging(1),1.0
Leu129Arg,deleterious_low_confidence(0),1.0,probably_damaging(1),1.0
Leu130Ile,deleterious_low_confidence(0),1.0,probably_damaging(0.999),0.999
Leu130Val,deleterious_low_confidence(0),1.0,probably_damaging(0.999),0.999
Leu130Pro,deleterious_low_confidence(0),1.0,probably_damaging(1),1.0
Phe131Leu,deleterious_low_confidence(0.03),0.97,probably_damaging(0.998),0.998
Phe131Tyr,deleterious_low_confidence(0),1.0,probably_damaging(0.999),0.999
Ile132Leu,tolerated_low_confidence(0.15),0.85,benign(0.007),0.007
Arg134Gly,deleterious_low_confidence(0),1.0,probably_damaging(0.996),0.996
Arg134Lys,deleterious_low_confidence(0),1.0,probably_damaging(0.991),0.991
Thr135Ser,tolerated_low_confidence(0.1),0.9,benign(0.147),0.147
Thr135Ala,tolerated_low_confidence(0.08),0.92,benign(0.147),0.147
Leu136Arg,deleterious_low_confidence(0),1.0,probably_damaging(0.997),0.997
Leu136Pro,deleterious_low_confidence(0),1.0,probably_damaging(0.997),0.997
Leu137His,deleterious_low_confidence(0),1.0,probably_damaging(0.992),0.992
Leu137Pro,deleterious_low_confidence(0),1.0,probably_damaging(0.992),0.992
Leu138Pro,deleterious_low_confidence(0),1.0,probably_damaging(0.992),0.992
His139Tyr,deleterious_low_confidence(0),1.0,probably_damaging(0.941),0.941
His139Pro,deleterious_low_confidence(0.01),0.99,probably_damaging(0.963),0.963
His139Leu,deleterious_low_confidence(0.01),0.99,possibly_damaging(0.886),0.886
Pro140Ala,deleterious_low_confidence(0),1.0,probably_damaging(0.998),0.998
Pro140Ser,deleterious_low_confidence(0.01),0.99,probably_damaging(0.999),0.999
Pro140Arg,deleterious_low_confidence(0),1.0,probably_damaging(0.999),0.999
Pro140Leu,deleterious_low_confidence(0),1.0,probably_damaging(0.999),0.999
Ala141Pro,deleterious_low_confidence(0),1.0,probably_damaging(0.942),0.942
Ile142Val,tolerated_low_confidence(0.1),0.9,benign(0.078),0.078
Ile142Ser,deleterious_low_confidence(0),1.0,probably_damaging(0.928),0.928
Phe143Val,deleterious_low_confidence(0),1.0,probably_damaging(0.953),0.953
Phe143Ser,deleterious_low_confidence(0),1.0,probably_damaging(0.979),0.979
Phe143Leu,deleterious_low_confidence(0.02),0.98,possibly_damaging(0.667),0.667
Leu145Val,deleterious_low_confidence(0),1.0,possibly_damaging(0.668),0.668
Leu145His,deleterious_low_confidence(0),1.0,probably_damaging(0.951),0.951
His146Tyr,deleterious_low_confidence(0),1.0,possibly_damaging(0.777),0.777
His147Asn,deleterious_low_confidence(0),1.0,possibly_damaging(0.524),0.524
His147Tyr,deleterious_low_confidence(0),1.0,possibly_damaging(0.774),0.774
His147Pro,deleterious_low_confidence(0),1.0,possibly_damaging(0.838),0.838
His147Gln,deleterious_low_confidence(0),1.0,benign(0.183),0.183
Ile148Ser,deleterious_low_confidence(0),1.0,possibly_damaging(0.461),0.461
Ile148Asn,deleterious_low_confidence(0),1.0,benign(0.066),0.066
Met150Arg,deleterious_low_confidence(0),1.0,probably_damaging(0.999),0.999
Met150Lys,deleterious_low_confidence(0),1.0,probably_damaging(0.999),0.999
Met150Ile,deleterious_low_confidence(0),1.0,probably_damaging(0.997),0.997
Gln151Lys,deleterious_low_confidence(0.03),0.97,probably_damaging(0.94),0.94
Gln151Arg,deleterious_low_confidence(0),1.0,probably_damaging(0.996),0.996
Met152Leu,deleterious_low_confidence(0.01),0.99,benign(0.015),0.015
Met152Val,deleterious_low_confidence(0.05),0.95,benign(0.007),0.007
Met152Arg,deleterious_low_confidence(0),1.0,possibly_damaging(0.643),0.643
Met152Ile,tolerated_low_confidence(1),0.0,benign(0.003),0.003
Arg153Lys,deleterious_low_confidence(0),1.0,probably_damaging(0.998),0.998
Arg153Ile,deleterious_low_confidence(0),1.0,probably_damaging(1),1.0
Ala155Ser,deleterious_low_confidence(0),1.0,probably_damaging(0.999),0.999
Ala155Pro,deleterious_low_confidence(0.01),0.99,probably_damaging(1),1.0
Ala155Gly,deleterious_low_confidence(0),1.0,probably_damaging(0.999),0.999
Met156Val,deleterious_low_confidence(0),1.0,benign(0.02),0.02
Phe157Leu,deleterious_low_confidence(0),1.0,probably_damaging(0.996),0.996
Ser158Gly,deleterious_low_confidence(0),1.0,probably_damaging(0.999),0.999
Ser158Cys,deleterious_low_confidence(0),1.0,probably_damaging(1),1.0
Ser158Thr,deleterious_low_confidence(0.02),0.98,probably_damaging(0.999),0.999
Ser158Asn,deleterious_low_confidence(0),1.0,probably_damaging(0.999),0.999
Leu159Ser,deleterious_low_confidence(0),1.0,probably_damaging(0.997),0.997
Ile160Val,deleterious_low_confidence(0),1.0,probably_damaging(0.998),0.998
Ile160Thr,deleterious_low_confidence(0.01),0.99,probably_damaging(0.999),0.999
Tyr161Asn,deleterious_low_confidence(0),1.0,probably_damaging(1),1.0
Tyr161Asp,deleterious_low_confidence(0),1.0,probably_damaging(1),1.0
Tyr161Cys,deleterious_low_confidence(0.01),0.99,probably_damaging(1),1.0
Lys162Glu,deleterious_low_confidence(0),1.0,probably_damaging(0.998),0.998
Lys163Gln,deleterious_low_confidence(0.01),0.99,probably_damaging(1),1.0
Lys163Glu,deleterious_low_confidence(0),1.0,probably_damaging(0.999),0.999
Lys163Met,deleterious_low_confidence(0),1.0,probably_damaging(1),1.0
Lys163Thr,deleterious_low_confidence(0),1.0,probably_damaging(1),1.0
Thr164Pro,deleterious_low_confidence(0),1.0,probably_damaging(0.935),0.935
Thr164Ala,deleterious_low_confidence(0),1.0,benign(0.219),0.219
Thr164Ile,tolerated_low_confidence(0.14),0.86,benign(0.049),0.049
Leu165Ser,deleterious_low_confidence(0),1.0,probably_damaging(1),1.0
Leu165Phe,deleterious_low_confidence(0),1.0,probably_damaging(1),1.0
Lys166Glu,deleterious_low_confidence(0),1.0,probably_damaging(0.998),0.998
Lys166Asn,deleterious_low_confidence(0),1.0,probably_damaging(0.999),0.999
Leu167Arg,deleterious_low_confidence(0),1.0,probably_damaging(0.992),0.992
Ser168Leu,deleterious_low_confidence(0),1.0,probably_damaging(0.999),0.999
Ser169Gly,deleterious_low_confidence(0),1.0,probably_damaging(0.998),0.998
Ser169Asn,deleterious_low_confidence(0),1.0,probably_damaging(0.998),0.998
Arg170Ser,deleterious_low_confidence(0.01),0.99,possibly_damaging(0.658),0.658
Arg170Cys,deleterious_low_confidence(0.01),0.99,probably_damaging(0.973),0.973
Val171Ile,deleterious_low_confidence(0),1.0,probably_damaging(0.994),0.994
Val171Ala,deleterious_low_confidence(0),1.0,probably_damaging(0.962),0.962
Leu172Ile,deleterious_low_confidence(0),1.0,probably_damaging(0.999),0.999
Asp173Val,deleterious_low_confidence(0.01),0.99,probably_damaging(1),1.0
Lys174Arg,deleterious_low_confidence(0),1.0,possibly_damaging(0.851),0.851
Ile175Val,deleterious_low_confidence(0),1.0,probably_damaging(0.991),0.991
Ser176Ile,deleterious_low_confidence(0),1.0,probably_damaging(0.975),0.975
Ile177Phe,deleterious_low_confidence(0),1.0,possibly_damaging(0.731),0.731
Ile177Thr,tolerated_low_confidence(1),0.0,benign(0.006),0.006
Ile177Met,deleterious_low_confidence(0),1.0,possibly_damaging(0.804),0.804
Gly178Glu,deleterious_low_confidence(0),1.0,probably_damaging(0.99),0.99
Gln179Lys,deleterious_low_confidence(0),1.0,probably_damaging(0.94),0.94
Gln179Arg,deleterious_low_confidence(0),1.0,probably_damaging(0.996),0.996
Leu180Ile,deleterious_low_confidence(0),1.0,probably_damaging(0.996),0.996
Leu180Val,deleterious_low_confidence(0.01),0.99,probably_damaging(0.972),0.972
Leu180Pro,deleterious_low_confidence(0),1.0,probably_damaging(1),1.0
Val181Ile,tolerated_low_confidence(0.1),0.9,benign(0.047),0.047
Val181Phe,deleterious_low_confidence(0),1.0,possibly_damaging(0.853),0.853
Leu183Ile,deleterious_low_confidence(0),1.0,probably_damaging(0.999),0.999
Leu183His,deleterious_low_confidence(0),1.0,probably_damaging(1),1.0
Leu184Pro,deleterious_low_confidence(0),1.0,probably_damaging(0.996),0.996
Leu184Arg,deleterious_low_confidence(0),1.0,probably_damaging(0.991),0.991
Ser185Phe,deleterious_low_confidence(0),1.0,probably_damaging(1),1.0
Ser185Tyr,deleterious_low_confidence(0),1.0,probably_damaging(1),1.0
Asn186Lys,tolerated_low_confidence(0.05),0.95,probably_damaging(0.915),0.915
Asn187His,tolerated_low_confidence(0.59),0.41,benign(0.27),0.27
Asn187Ser,deleterious_low_confidence(0),1.0,probably_damaging(0.935),0.935
Asn187Lys,deleterious_low_confidence(0),1.0,probably_damaging(0.971),0.971
Leu188Met,deleterious_low_confidence(0.02),0.98,probably_damaging(1),1.0
Leu188Arg,deleterious_low_confidence(0),1.0,probably_damaging(1),1.0
Leu188Pro,deleterious_low_confidence(0),1.0,probably_damaging(1),1.0
Asn189Lys,deleterious_low_confidence(0),1.0,probably_damaging(0.993),0.993
Phe191Val,deleterious_low_confidence(0),1.0,possibly_damaging(0.882),0.882
Asp192His,deleterious_low_confidence(0),1.0,probably_damaging(1),1.0
Asp192Tyr,deleterious_low_confidence(0),1.0,probably_damaging(1),1.0
Asp192Asn,deleterious_low_confidence(0.01),0.99,probably_damaging(1),1.0
Asp192Gly,deleterious_low_confidence(0),1.0,probably_damaging(1),1.0
Asp192Val,deleterious_low_confidence(0),1.0,probably_damaging(1),1.0
Glu193Gly,deleterious_low_confidence(0),1.0,probably_damaging(0.988),0.988
Gly194Arg,deleterious_low_confidence(0),1.0,probably_damaging(0.988),0.988
Gly194Val,deleterious_low_confidence(0),1.0,possibly_damaging(0.872),0.872
Leu195Phe,deleterious_low_confidence(0.02),0.98,probably_damaging(0.979),0.979
Leu195Val,deleterious_low_confidence(0.02),0.98,benign(0.371),0.371
Ala196Thr,deleterious_low_confidence(0.04),0.96,probably_damaging(0.965),0.965
Ala196Pro,deleterious_low_confidence(0),1.0,probably_damaging(0.99),0.99
Ala196Gly,tolerated_low_confidence(1),0.0,benign(0.18),0.18
Ala196Val,deleterious_low_confidence(0.01),0.99,possibly_damaging(0.739),0.739
Leu197Trp,deleterious_low_confidence(0),1.0,probably_damaging(0.994),0.994
Ala198Ser,deleterious_low_confidence(0),1.0,probably_damaging(0.999),0.999
Ala198Thr,deleterious_low_confidence(0),1.0,probably_damaging(0.999),0.999
Ala198Pro,deleterious_low_confidence(0),1.0,probably_damaging(1),1.0
Ala198Val,deleterious_low_confidence(0.02),0.98,probably_damaging(0.998),0.998
Ala198Gly,deleterious_low_confidence(0),1.0,probably_damaging(0.999),0.999
His199Arg,deleterious_low_confidence(0),1.0,probably_damaging(0.999),0.999
Phe200Ile,deleterious_low_confidence(0),1.0,probably_damaging(0.999),0.999
Phe200Val,deleterious_low_confidence(0),1.0,probably_damaging(0.998),0.998
Phe200Leu,deleterious_low_confidence(0),1.0,probably_damaging(0.996),0.996
Val201Met,deleterious_low_confidence(0),1.0,possibly_damaging(0.709),0.709
Ile203Leu,deleterious_low_confidence(0),1.0,probably_damaging(0.991),0.991
Ile203Met,deleterious_low_confidence(0),1.0,probably_damaging(0.999),0.999
Ala204Ser,tolerated_low_confidence(0.3),0.7,benign(0.015),0.015
Ala204Thr,tolerated_low_confidence(0.79),0.21,benign(0.05),0.05
Pro205Thr,deleterious_low_confidence(0),1.0,probably_damaging(1),1.0
Pro205Arg,deleterious_low_confidence(0),1.0,probably_damaging(1),1.0
Pro205Leu,deleterious_low_confidence(0),1.0,probably_damaging(1),1.0
Leu206Phe,deleterious_low_confidence(0),1.0,probably_damaging(0.984),0.984
Gln207Lys,deleterious_low_confidence(0),1.0,probably_damaging(0.997),0.997
Gln207Glu,deleterious_low_confidence(0),1.0,probably_damaging(0.996),0.996
Gln207His,deleterious_low_confidence(0),1.0,probably_damaging(0.999),0.999
Val208Met,deleterious_low_confidence(0),1.0,probably_damaging(0.987),0.987
Val208Ala,deleterious_low_confidence(0.01),0.99,benign(0.388),0.388
Ala209Ser,deleterious_low_confidence(0),1.0,benign(0.103),0.103
Ala209Val,tolerated_low_confidence(0.29),0.71,benign(0.001),0.001
Leu210Ile,deleterious_low_confidence(0),1.0,probably_damaging(0.981),0.981
Leu210Phe,deleterious_low_confidence(0),1.0,probably_damaging(0.999),0.999
Met212Val,tolerated_low_confidence(0.72),0.28,benign(0.028),0.028
Met212Thr,tolerated_low_confidence(0.23),0.77,benign(0.05),0.05
Gly213Val,deleterious_low_confidence(0),1.0,probably_damaging(0.993),0.993
Gly213Glu,deleterious_low_confidence(0),1.0,probably_damaging(1),1.0
Leu214Val,deleterious_low_confidence(0),1.0,probably_damaging(0.999),0.999
Ile215Met,deleterious_low_confidence(0.02),0.98,benign(0.377),0.377
Trp216Arg,deleterious_low_confidence(0),1.0,probably_damaging(1),1.0
Trp216Ser,deleterious_low_confidence(0),1.0,probably_damaging(0.999),0.999
Trp216Cys,deleterious_low_confidence(0.01),0.99,probably_damaging(1),1.0
Glu217Gln,deleterious_low_confidence(0.03),0.97,possibly_damaging(0.641),0.641
Glu217Gly,deleterious_low_confidence(0),1.0,benign(0.286),0.286
Leu218Phe,deleterious_low_confidence(0),1.0,probably_damaging(0.934),0.934
Gln220Leu,deleterious_low_confidence(0),1.0,possibly_damaging(0.518),0.518
Ala221Pro,tolerated_low_confidence(0.08),0.92,possibly_damaging(0.872),0.872
Ala221Glu,deleterious_low_confidence(0.04),0.96,benign(0.052),0.052
Ala221Gly,deleterious_low_confidence(0),1.0,possibly_damaging(0.682),0.682
Ala221Val,tolerated_low_confidence(1),0.0,benign(0.025),0.025
Ala223Ser,tolerated_low_confidence(0.4),0.6,benign(0.129),0.129
Ala223Val,deleterious_low_confidence(0.03),0.97,benign(0.074),0.074
Phe224Leu,tolerated_low_confidence(0.12),0.88,probably_damaging(0.947),0.947
Phe224Val,deleterious_low_confidence(0),1.0,probably_damaging(0.997),0.997
Phe224Ser,deleterious_low_confidence(0),1.0,probably_damaging(0.999),0.999
Cys225Tyr,deleterious_low_confidence(0.03),0.97,benign(0.029),0.029
Gly226Arg,deleterious_low_confidence(0),1.0,probably_damaging(0.997),0.997
Leu227Arg,deleterious_low_confidence(0),1.0,probably_damaging(1),1.0
Gly228Cys,deleterious_low_confidence(0),1.0,possibly_damaging(0.874),0.874
Gly228Ser,deleterious_low_confidence(0),1.0,benign(0.357),0.357
Gly228Asp,deleterious_low_confidence(0),1.0,possibly_damaging(0.712),0.712
Ile231Arg,deleterious_low_confidence(0),1.0,possibly_damaging(0.71),0.71
Val232Asp,deleterious_low_confidence(0),1.0,possibly_damaging(0.71),0.71
Leu233Phe,deleterious_low_confidence(0),1.0,possibly_damaging(0.836),0.836
Leu233Val,tolerated_low_confidence(0.16),0.84,benign(0.03),0.03
Leu233His,deleterious_low_confidence(0),1.0,probably_damaging(0.951),0.951
Ala234Ser,tolerated_low_confidence(0.11),0.89,benign(0.022),0.022
Ala234Asp,deleterious_low_confidence(0.01),0.99,benign(0.381),0.381
Leu235Val,tolerated_low_confidence(0.21),0.79,benign(0.013),0.013
Leu235His,deleterious_low_confidence(0),1.0,possibly_damaging(0.767),0.767
Phe236Tyr,deleterious_low_confidence(0.04),0.96,benign(0.009),0.009
Phe236Cys,deleterious_low_confidence(0.01),0.99,possibly_damaging(0.685),0.685
Gln237Glu,deleterious_low_confidence(0),1.0,probably_damaging(0.997),0.997
Gln237Pro,deleterious_low_confidence(0),1.0,probably_damaging(0.999),0.999
Gln237Arg,deleterious_low_confidence(0),1.0,probably_damaging(0.999),0.999
Gln237His,deleterious_low_confidence(0),1.0,probably_damaging(1),1.0
Ala238Ser,deleterious_low_confidence(0.02),0.98,benign(0.146),0.146
Ala238Pro,deleterious_low_confidence(0),1.0,probably_damaging(0.939),0.939
Ala238Val,deleterious_low_confidence(0),1.0,possibly_damaging(0.841),0.841
Gly239Arg,deleterious_low_confidence(0.03),0.97,benign(0.005),0.005
Gly239Glu,deleterious_low_confidence(0.01),0.99,benign(0.153),0.153
Leu240Val,deleterious_low_confidence(0),1.0,possibly_damaging(0.627),0.627
Leu240Arg,deleterious_low_confidence(0),1.0,probably_damaging(0.94),0.94
Gly241Trp,deleterious_low_confidence(0),1.0,probably_damaging(0.999),0.999
Gly241Arg,deleterious_low_confidence(0),1.0,probably_damaging(0.991),0.991
Gly241Glu,deleterious_low_confidence(0),1.0,probably_damaging(0.991),0.991
Arg242Lys,tolerated_low_confidence(0.32),0.68,benign(0.001),0.001
Met243Val,deleterious_low_confidence(0.02),0.98,benign(0.272),0.272
Met243Thr,tolerated_low_confidence(0.06),0.94,benign(0.379),0.379
Met243Ile,deleterious_low_confidence(0.02),0.98,possibly_damaging(0.458),0.458
Met244Val,deleterious_low_confidence(0),1.0,benign(0.124),0.124
Met244Thr,deleterious_low_confidence(0),1.0,benign(0.132),0.132
Lys246Gln,tolerated_low_confidence(0.07),0.93,benign(0.226),0.226
Lys246Asn,tolerated_low_confidence(0.08),0.92,possibly_damaging(0.881),0.881
Arg248Gly,deleterious_low_confidence(0),1.0,possibly_damaging(0.849),0.849
Arg248Lys,tolerated_low_confidence(0.15),0.85,benign(0.077),0.077
Arg248Thr,deleterious_low_confidence(0),1.0,probably_damaging(0.927),0.927
Asp249Tyr,deleterious_low_confidence(0.03),0.97,possibly_damaging(0.858),0.858
Ala252Thr,deleterious_low_confidence(0),1.0,possibly_damaging(0.823),0.823
Ala252Pro,deleterious_low_confidence(0.01),0.99,possibly_damaging(0.906),0.906
Ala252Ser,deleterious_low_confidence(0.02),0.98,possibly_damaging(0.51),0.51
Gly253Arg,deleterious_low_confidence(0.01),0.99,probably_damaging(0.911),0.911
Lys254Arg,deleterious_low_confidence(0.02),0.98,benign(0.336),0.336
Ile255Asn,deleterious_low_confidence(0),1.0,probably_damaging(0.971),0.971
Ile255Met,deleterious_low_confidence(0),1.0,probably_damaging(0.986),0.986
Ser256Gly,deleterious_low_confidence(0.01),0.99,benign(0.065),0.065
Ser256Ile,deleterious_low_confidence(0),1.0,benign(0.395),0.395
Glu257Gly,deleterious_low_confidence(0),1.0,probably_damaging(0.915),0.915
Arg258Lys,deleterious_low_confidence(0),1.0,probably_damaging(0.997),0.997
Arg258Ile,deleterious_low_confidence(0),1.0,probably_damaging(0.999),0.999
Arg258Ser,deleterious_low_confidence(0),1.0,probably_damaging(0.997),0.997
Leu259Phe,deleterious_low_confidence(0),1.0,probably_damaging(0.999),0.999
Val260Met,deleterious_low_confidence(0),1.0,probably_damaging(0.968),0.968
Val260Ala,tolerated_low_confidence(1),0.0,benign(0.021),0.021
Ile261Thr,deleterious_low_confidence(0),1.0,probably_damaging(0.937),0.937
Ile261Asn,deleterious_low_confidence(0),1.0,probably_damaging(0.982),0.982
Met265Arg,deleterious_low_confidence(0),1.0,benign(0.326),0.326
Ile266Val,tolerated_low_confidence(0.62),0.38,benign(0.169),0.169
Ile266Asn,deleterious_low_confidence(0),1.0,probably_damaging(0.982),0.982
Ile269Thr,deleterious_low_confidence(0),1.0,possibly_damaging(0.878),0.878
Gln270His,tolerated_low_confidence(1),0.0,benign(0.021),0.021
Val272Ile,deleterious_low_confidence(0),1.0,probably_damaging(0.972),0.972
Val272Leu,deleterious_low_confidence(0),1.0,probably_damaging(0.994),0.994
Lys273Thr,deleterious_low_confidence(0),1.0,probably_damaging(1),1.0
Ala274Gly,deleterious_low_confidence(0),1.0,probably_damaging(0.919),0.919
Cys276Arg,tolerated_low_confidence(0.07),0.93,probably_damaging(0.945),0.945
Trp277Arg,deleterious_low_confidence(0),1.0,probably_damaging(1),1.0
Trp277Ser,deleterious_low_confidence(0),1.0,probably_damaging(0.999),0.999
Glu278Asp,deleterious_low_confidence(0),1.0,probably_damaging(0.996),0.996
Glu279Asp,tolerated_low_confidence(0.48),0.52,benign(0.009),0.009
Ala280Ser,deleterious_low_confidence(0.01),0.99,possibly_damaging(0.885),0.885
Ala280Thr,deleterious_low_confidence(0.02),0.98,possibly_damaging(0.847),0.847
Ala280Gly,deleterious_low_confidence(0),1.0,probably_damaging(0.919),0.919
Ala280Glu,deleterious_low_confidence(0.01),0.99,probably_damaging(0.963),0.963
Met281Val,deleterious_low_confidence(0),1.0,benign(0.209),0.209
Met281Thr,deleterious_low_confidence(0),1.0,possibly_damaging(0.52),0.52
Glu282Asp,deleterious_low_confidence(0.01),0.99,probably_damaging(0.994),0.994
Lys283Thr,tolerated_low_confidence(1),0.0,benign(0.013),0.013
Lys283Asn,tolerated_low_confidence(0.24),0.76,benign(0.013),0.013
Met284Val,deleterious_low_confidence(0),1.0,benign(0.015),0.015
Met284Thr,deleterious_low_confidence(0.02),0.98,benign(0.214),0.214
Ile285Phe,deleterious_low_confidence(0),1.0,probably_damaging(1),1.0
Ile285Thr,deleterious_low_confidence(0.01),0.99,probably_damaging(0.999),0.999
Ile285Ser,deleterious_low_confidence(0),1.0,probably_damaging(1),1.0
Asn287Ser,tolerated_low_confidence(0.2),0.8,benign(0.007),0.007
Asn287Lys,deleterious_low_confidence(0.02),0.98,benign(0.208),0.208
Arg289Gly,deleterious_low_confidence(0),1.0,probably_damaging(0.995),0.995
Arg289Thr,deleterious_low_confidence(0),1.0,probably_damaging(0.995),0.995
Gln290Glu,tolerated_low_confidence(0.2),0.8,benign(0.013),0.013
Gln290Leu,deleterious_low_confidence(0),1.0,benign(0.385),0.385
Gln290Arg,deleterious_low_confidence(0.01),0.99,benign(0.04),0.04
Glu292Lys,deleterious_low_confidence(0),1.0,probably_damaging(0.999),0.999
Glu292Gly,deleterious_low_confidence(0),1.0,probably_damaging(1),1.0
Leu293Met,tolerated_low_confidence(0.73),0.27,possibly_damaging(0.542),0.542
Leu293Pro,deleterious_low_confidence(0),1.0,probably_damaging(0.99),0.99
Leu293Arg,deleterious_low_confidence(0),1.0,probably_damaging(0.986),0.986
Arg297Trp,deleterious_low_confidence(0),1.0,probably_damaging(0.956),0.956
Ala299Thr,tolerated_low_confidence(0.12),0.88,benign(0.031),0.031
Ala299Val,tolerated_low_confidence(0.14),0.86,benign(0.055),0.055
Ala300Gly,tolerated_low_confidence(1),0.0,benign(0.262),0.262
Ala300Asp,deleterious_low_confidence(0),1.0,probably_damaging(0.991),0.991
Tyr301His,tolerated_low_confidence(0.09),0.91,benign(0.175),0.175
Val302Glu,deleterious_low_confidence(0),1.0,possibly_damaging(0.663),0.663
Val302Ala,deleterious_low_confidence(0),1.0,benign(0.225),0.225
Tyr304His,deleterious_low_confidence(0),1.0,probably_damaging(0.975),0.975
Tyr304Ser,deleterious_low_confidence(0),1.0,probably_damaging(0.947),0.947
Phe305Leu,tolerated_low_confidence(0.1),0.9,benign(0.015),0.015
Phe305Val,deleterious_low_confidence(0.03),0.97,benign(0.027),0.027
Phe305Cys,deleterious_low_confidence(0),1.0,benign(0.062),0.062
Asn306Ser,tolerated_low_confidence(0.65),0.35,benign(0.036),0.036
Ser307Ile,deleterious_low_confidence(0),1.0,probably_damaging(0.999),0.999
Ser308Leu,deleterious_low_confidence(0),1.0,possibly_damaging(0.482),0.482
Ala309Thr,deleterious_low_confidence(0.03),0.97,possibly_damaging(0.62),0.62
Ala309Gly,deleterious_low_confidence(0.01),0.99,benign(0.009),0.009
Ala309Asp,deleterious_low_confidence(0),1.0,possibly_damaging(0.839),0.839
Ala309Val,deleterious_low_confidence(0.01),0.99,benign(0.08),0.08
Phe311Val,deleterious_low_confidence(0),1.0,probably_damaging(0.94),0.94
Phe311Ser,deleterious_low_confidence(0),1.0,probably_damaging(0.999),0.999
Phe311Cys,deleterious_low_confidence(0),1.0,probably_damaging(0.999),0.999
Ser313Pro,deleterious_low_confidence(0.01),0.99,probably_damaging(0.999),0.999
Gly314Trp,deleterious_low_confidence(0),1.0,probably_damaging(0.998),0.998
Gly314Ala,tolerated_low_confidence(1),0.0,benign(0.381),0.381
Gly314Val,deleterious_low_confidence(0),1.0,probably_damaging(0.965),0.965
Phe315Cys,deleterious_low_confidence(0),1.0,possibly_damaging(0.829),0.829
Phe315Ser,deleterious_low_confidence(0),1.0,possibly_damaging(0.496),0.496
Phe316Ser,deleterious_low_confidence(0),1.0,probably_damaging(0.978),0.978
Phe316Tyr,deleterious_low_confidence(0),1.0,probably_damaging(0.965),0.965
Phe316Leu,tolerated_low_confidence(0.55),0.45,benign(0.127),0.127
Val317Met,deleterious_low_confidence(0),1.0,probably_damaging(1),1.0
Val317Leu,deleterious_low_confidence(0),1.0,probably_damaging(0.994),0.994
Val317Gly,deleterious_low_confidence(0),1.0,probably_damaging(0.998),0.998
Val317Ala,deleterious_low_confidence(0.02),0.98,probably_damaging(0.962),0.962
Val317Glu,deleterious_low_confidence(0),1.0,probably_damaging(0.999),0.999
Val318Met,deleterious_low_confidence(0),1.0,probably_damaging(0.974),0.974
Leu320Val,tolerated_low_confidence(0.3),0.7,benign(0.306),0.306
Leu320Phe,tolerated_low_confidence(0.11),0.89,benign(0.048),0.048
Ser321Pro,deleterious_low_confidence(0.01),0.99,possibly_damaging(0.544),0.544
Ser321Cys,deleterious_low_confidence(0),1.0,benign(0.021),0.021
Pro324Ala,deleterious_low_confidence(0),1.0,probably_damaging(0.962),0.962
Pro324Leu,deleterious_low_confidence(0),1.0,probably_damaging(0.998),0.998
Tyr325Cys,deleterious_low_confidence(0.01),0.99,probably_damaging(0.931),0.931
Ala326Ser,deleterious_low_confidence(0.01),0.99,benign(0.402),0.402
Ala326Gly,deleterious_low_confidence(0),1.0,possibly_damaging(0.488),0.488
Ala326Val,deleterious_low_confidence(0),1.0,benign(0.097),0.097
Leu327Val,tolerated_low_confidence(0.13),0.87,benign(0.027),0.027
Leu327Pro,deleterious_low_confidence(0),1.0,probably_damaging(0.927),0.927
Leu327Arg,deleterious_low_confidence(0),1.0,possibly_damaging(0.862),0.862
Ile328Asn,tolerated_low_confidence(0.19),0.81,benign(0.003),0.003
Ile328Met,tolerated_low_confidence(0.07),0.93,benign(0.017),0.017
Gly330Arg,deleterious_low_confidence(0),1.0,benign(0.112),0.112
Ile331Phe,deleterious_low_confidence(0.01),0.99,probably_damaging(0.921),0.921
Ile331Val,deleterious_low_confidence(0.03),0.97,benign(0.049),0.049
Ile331Asn,deleterious_low_confidence(0),1.0,probably_damaging(0.97),0.97
Leu333Phe,deleterious_low_confidence(0),1.0,probably_damaging(1),1.0
Arg334Gln,deleterious_low_confidence(0),1.0,probably_damaging(0.999),0.999
Arg334Leu,deleterious_low_confidence(0),1.0,probably_damaging(0.997),0.997
Lys335Glu,deleterious_low_confidence(0),1.0,benign(0.209),0.209
Phe337Leu,deleterious_low_confidence(0.01),0.99,probably_damaging(0.999),0.999
Thr338Ala,deleterious_low_confidence(0),1.0,probably_damaging(0.996),0.996
Thr339Asn,deleterious_low_confidence(0),1.0,probably_damaging(0.999),0.999
Thr339Ser,deleterious_low_confidence(0.01),0.99,probably_damaging(0.999),0.999
Ile340Val,tolerated_low_confidence(0.11),0.89,possibly_damaging(0.615),0.615
Ile340Asn,deleterious_low_confidence(0),1.0,probably_damaging(0.974),0.974
Ser341Ala,deleterious_low_confidence(0),1.0,probably_damaging(0.994),0.994
Ser341Pro,deleterious_low_confidence(0),1.0,probably_damaging(0.999),0.999
Phe342Val,deleterious_low_confidence(0),1.0,possibly_damaging(0.849),0.849
Cys343Arg,deleterious_low_confidence(0),1.0,possibly_damaging(0.84),0.84
Cys343Phe,deleterious_low_confidence(0.03),0.97,benign(0.031),0.031
Ile344Val,deleterious_low_confidence(0.05),0.95,benign(0.127),0.127
Ile344Asn,deleterious_low_confidence(0),1.0,probably_damaging(0.975),0.975
Val345Phe,deleterious_low_confidence(0),1.0,probably_damaging(0.998),0.998
Arg347Ser,deleterious_low_confidence(0),1.0,probably_damaging(0.996),0.996
Arg347Gly,deleterious_low_confidence(0),1.0,probably_damaging(0.996),0.996
Arg347Cys,deleterious_low_confidence(0),1.0,probably_damaging(0.999),0.999
Met348Val,deleterious_low_confidence(0),1.0,probably_damaging(0.992),0.992
Met348Thr,deleterious_low_confidence(0),1.0,probably_damaging(0.992),0.992
Met348Lys,deleterious_low_confidence(0),1.0,probably_damaging(0.992),0.992
Ala349Pro,deleterious_low_confidence(0),1.0,possibly_damaging(0.872),0.872
Ala349Val,deleterious_low_confidence(0),1.0,possibly_damaging(0.526),0.526
Thr351Ala,deleterious_low_confidence(0),1.0,probably_damaging(0.989),0.989
Thr351Ile,deleterious_low_confidence(0.01),0.99,probably_damaging(0.999),0.999
Arg352Trp,deleterious_low_confidence(0),1.0,probably_damaging(0.999),0.999
Gln353Arg,deleterious_low_confidence(0),1.0,probably_damaging(0.995),0.995
Phe354Leu,tolerated_low_confidence(0.89),0.11,benign(0.021),0.021
Pro355Leu,deleterious_low_confidence(0),1.0,probably_damaging(0.993),0.993
Trp356Ser,tolerated_low_confidence(0.2),0.8,benign(0.001),0.001
Ala357Thr,deleterious_low_confidence(0.01),0.99,benign(0.421),0.421
Ala357Val,deleterious_low_confidence(0),1.0,possibly_damaging(0.59),0.59
Val358Ile,tolerated_low_confidence(1),0.0,benign(0.035),0.035
Val358Ala,deleterious_low_confidence(0),1.0,benign(0.4),0.4
Gln359Arg,deleterious_low_confidence(0),1.0,probably_damaging(0.992),0.992
Thr360Ile,deleterious_low_confidence(0.05),0.95,benign(0.014),0.014
Thr360Lys,deleterious_low_confidence(0.01),0.99,benign(0.431),0.431
Thr360Arg,deleterious_low_confidence(0),1.0,possibly_damaging(0.555),0.555
Trp361Arg,deleterious_low_confidence(0),1.0,probably_damaging(0.999),0.999
Tyr362His,deleterious_low_confidence(0),1.0,probably_damaging(0.998),0.998
Tyr362Asp,deleterious_low_confidence(0),1.0,probably_damaging(0.998),0.998
Tyr362Cys,deleterious_low_confidence(0),1.0,probably_damaging(0.999),0.999
Asp363Asn,deleterious_low_confidence(0),1.0,probably_damaging(0.997),0.997
Ser364Ala,deleterious_low_confidence(0),1.0,benign(0.138),0.138
Ser364Pro,deleterious_low_confidence(0),1.0,possibly_damaging(0.861),0.861
Ser364Cys,deleterious_low_confidence(0),1.0,probably_damaging(0.949),0.949
Leu365Pro,deleterious_low_confidence(0),1.0,possibly_damaging(0.764),0.764
Ala367Thr,tolerated_low_confidence(0.1),0.9,benign(0.279),0.279
Asn369Tyr,deleterious_low_confidence(0.04),0.96,benign(0.001),0.001
Asn369Lys,tolerated_low_confidence(0.55),0.45,benign(0.003),0.003
Lys370Ile,deleterious_low_confidence(0),1.0,probably_damaging(0.999),0.999
Ile371Val,deleterious_low_confidence(0.03),0.97,benign(0.021),0.021
Ile371Met,deleterious_low_confidence(0.02),0.98,possibly_damaging(0.83),0.83
Gln372Leu,deleterious_low_confidence(0),1.0,possibly_damaging(0.789),0.789
Gln372Arg,deleterious_low_confidence(0),1.0,possibly_damaging(0.66),0.66
Gln372His,deleterious_low_confidence(0),1.0,probably_damaging(0.932),0.932
Asp373Asn,deleterious_low_confidence(0),1.0,benign(0.368),0.368
Asp373Tyr,deleterious_low_confidence(0),1.0,possibly_damaging(0.845),0.845
Asp373Val,deleterious_low_confidence(0),1.0,possibly_damaging(0.568),0.568
Asp373Glu,tolerated_low_confidence(0.41),0.59,benign(0.009),0.009
Phe374Leu,deleterious_low_confidence(0),1.0,possibly_damaging(0.752),0.752
Leu375Phe,deleterious_low_confidence(0),1.0,probably_damaging(0.999),0.999
Gln376Lys,tolerated_low_confidence(0.96),0.04,benign(0.101),0.101
Gln378Arg,deleterious_low_confidence(0),1.0,benign(0.1),0.1
Glu379Lys,deleterious_low_confidence(0),1.0,probably_damaging(0.998),0.998
Glu379Gly,deleterious_low_confidence(0),1.0,probably_damaging(0.999),0.999
Glu379Val,deleterious_low_confidence(0),1.0,probably_damaging(0.999),0.999
Glu379Asp,deleterious_low_confidence(0.01),0.99,probably_damaging(0.997),0.997
Tyr380Asn,deleterious_low_confidence(0),1.0,benign(0.351),0.351
Tyr380Cys,deleterious_low_confidence(0),1.0,possibly_damaging(0.813),0.813
Thr382Pro,deleterious_low_confidence(0.03),0.97,benign(0.106),0.106
Leu383Ser,deleterious_low_confidence(0),1.0,possibly_damaging(0.718),0.718
Glu384Lys,deleterious_low_confidence(0),1.0,possibly_damaging(0.836),0.836
Glu384Gln,deleterious_low_confidence(0),1.0,probably_damaging(0.921),0.921
Glu384Asp,tolerated_low_confidence(0.07),0.93,benign(0.085),0.085
Tyr385Asn,deleterious_low_confidence(0.01),0.99,probably_damaging(0.986),0.986
Tyr385His,deleterious_low_confidence(0),1.0,probably_damaging(0.986),0.986
Tyr385Cys,deleterious_low_confidence(0),1.0,probably_damaging(0.995),0.995
Asn386Ser,deleterious_low_confidence(0.04),0.96,benign(0.137),0.137
Leu387Ser,deleterious_low_confidence(0),1.0,probably_damaging(0.987),0.987
Leu387Phe,deleterious_low_confidence(0),1.0,probably_damaging(0.991),0.991
Thr388Lys,deleterious_low_confidence(0),1.0,benign(0.351),0.351
Thr388Met,deleterious_low_confidence(0.02),0.98,benign(0.098),0.098
Thr389Ser,deleterious_low_confidence(0.01),0.99,possibly_damaging(0.884),0.884
Thr389Ile,tolerated_low_confidence(0.12),0.88,benign(0.056),0.056
Val392Leu,tolerated_low_confidence(0.78),0.22,benign(0),0.0
Val392Ala,deleterious_low_confidence(0.01),0.99,possibly_damaging(0.578),0.578
Val392Gly,deleterious_low_confidence(0.01),0.99,probably_damaging(0.981),0.981
Val393Met,deleterious_low_confidence(0.03),0.97,benign(0.009),0.009
Val393Leu,deleterious_low_confidence(0.03),0.97,benign(0.001),0.001
Val393Gly,deleterious_low_confidence(0),1.0,possibly_damaging(0.598),0.598
Met394Thr,deleterious_low_confidence(0),1.0,benign(0.354),0.354
Asn396Asp,tolerated_low_confidence(0.07),0.93,benign(0.014),0.014
Asn396Tyr,deleterious_low_confidence(0),1.0,possibly_damaging(0.698),0.698
Asn396Thr,deleterious_low_confidence(0.01),0.99,benign(0.003),0.003
Val397Leu,deleterious_low_confidence(0),1.0,benign(0.012),0.012
Thr398Ile,deleterious_low_confidence(0),1.0,possibly_damaging(0.658),0.658
Thr398Lys,deleterious_low_confidence(0),1.0,benign(0.348),0.348
Ala399Gly,deleterious_low_confidence(0),1.0,possibly_damaging(0.692),0.692
Ala399Val,deleterious_low_confidence(0),1.0,possibly_damaging(0.811),0.811
Ala399Asp,deleterious_low_confidence(0),1.0,probably_damaging(0.914),0.914
Phe400Ser,tolerated_low_confidence(0.15),0.85,benign(0.045),0.045
Trp401Arg,deleterious_low_confidence(0),1.0,probably_damaging(1),1.0
Glu402Ala,deleterious_low_confidence(0),1.0,benign(0.187),0.187
Glu403Asp,deleterious_low_confidence(0),1.0,probably_damaging(0.981),0.981
Gly404Arg,deleterious_low_confidence(0.01),0.99,benign(0.085),0.085
Gly404Val,deleterious_low_confidence(0.01),0.99,possibly_damaging(0.837),0.837
Gly406Ala,deleterious_low_confidence(0.01),0.99,benign(0.074),0.074
Gly406Glu,deleterious_low_confidence(0),1.0,possibly_damaging(0.514),0.514
Glu407Lys,tolerated_low_confidence(0.08),0.92,benign(0.003),0.003
Glu407Val,deleterious_low_confidence(0),1.0,benign(0.144),0.144
Lys411Glu,deleterious_low_confidence(0),1.0,benign(0.206),0.206
Ala412Ser,deleterious_low_confidence(0.02),0.98,benign(0.026),0.026
Ala412Thr,tolerated_low_confidence(0.16),0.84,benign(0),0.0
Ala412Glu,deleterious_low_confidence(0.02),0.98,benign(0.099),0.099
Ala412Val,tolerated_low_confidence(0.24),0.76,benign(0),0.0
Gln414Lys,tolerated_low_confidence(0.05),0.95,benign(0.015),0.015
Asn415Asp,deleterious_low_confidence(0.01),0.99,benign(0.062),0.062
Asn416Ser,tolerated_low_confidence(0.13),0.87,benign(0),0.0
Asn416Lys,deleterious_low_confidence(0.01),0.99,benign(0.023),0.023
Asn417Ser,tolerated_low_confidence(0.13),0.87,benign(0.001),0.001
Asn417Lys,tolerated_low_confidence(1),0.0,benign(0.001),0.001
Asn418Ser,tolerated_low_confidence(0.65),0.35,benign(0),0.0
Arg419Gly,tolerated_low_confidence(0.1),0.9,benign(0),0.0
Arg419Thr,tolerated_low_confidence(0.11),0.89,benign(0.046),0.046
Lys420Glu,tolerated_low_confidence(0.14),0.86,benign(0.003),0.003
Thr421Ile,tolerated_low_confidence(0.45),0.55,benign(0),0.0
Ser422Phe,tolerated_low_confidence(0.14),0.86,benign(0.134),0.134
Asn423Asp,deleterious_low_confidence(0.03),0.97,benign(0.003),0.003
Asn423Lys,deleterious_low_confidence(0.03),0.97,benign(0.018),0.018
Gly424Ser,tolerated_low_confidence(0.09),0.91,benign(0.001),0.001
Asp426Gly,tolerated_low_confidence(0.43),0.57,benign(0),0.0
Ser427Arg,deleterious_low_confidence(0),1.0,benign(0),0.0
Leu428Val,deleterious_low_confidence(0.03),0.97,benign(0.003),0.003
Leu428Ile,deleterious_low_confidence(0.02),0.98,benign(0.012),0.012
Leu428His,deleterious_low_confidence(0.01),0.99,probably_damaging(0.955),0.955
Phe429Cys,deleterious_low_confidence(0),1.0,benign(0.041),0.041
Phe429Leu,deleterious_low_confidence(0.04),0.96,benign(0.006),0.006
Phe430Leu,deleterious_low_confidence(0.02),0.98,benign(0.006),0.006
Ser431Gly,deleterious_low_confidence(0.02),0.98,benign(0.009),0.009
Ser431Arg,deleterious_low_confidence(0),1.0,possibly_damaging(0.526),0.526
Asn432Ser,deleterious_low_confidence(0),1.0,benign(0.271),0.271
Phe433Leu,tolerated_low_confidence(0.27),0.73,benign(0),0.0
Ser434Pro,tolerated_low_confidence(0.62),0.38,benign(0),0.0
Leu435Val,deleterious_low_confidence(0.01),0.99,benign(0.022),0.022
Leu435Pro,deleterious_low_confidence(0),1.0,probably_damaging(0.984),0.984
Leu436Pro,deleterious_low_confidence(0.01),0.99,probably_damaging(0.962),0.962
Gly437Cys,tolerated_low_confidence(0.08),0.92,benign(0.001),0.001
Gly437Asp,tolerated_low_confidence(0.1),0.9,benign(0.028),0.028
Thr438Ala,tolerated_low_confidence(0.07),0.93,benign(0),0.0
Pro439Ser,deleterious_low_confidence(0.01),0.99,probably_damaging(0.998),0.998
Pro439Thr,deleterious_low_confidence(0),1.0,probably_damaging(0.991),0.991
Pro439Ala,deleterious_low_confidence(0),1.0,probably_damaging(0.987),0.987
Pro439Arg,deleterious_low_confidence(0),1.0,probably_damaging(0.999),0.999
Val440Leu,deleterious_low_confidence(0.01),0.99,possibly_damaging(0.885),0.885
Leu441Pro,deleterious_low_confidence(0),1.0,probably_damaging(1),1.0
Asp443Tyr,deleterious_low_confidence(0),1.0,possibly_damaging(0.6),0.6
Asp443Val,deleterious_low_confidence(0),1.0,benign(0.231),0.231
Ile444Val,deleterious_low_confidence(0),1.0,possibly_damaging(0.737),0.737
Ile444Phe,deleterious_low_confidence(0),1.0,probably_damaging(0.996),0.996
Ile444Ser,deleterious_low_confidence(0),1.0,probably_damaging(1),1.0
Ile444Thr,deleterious_low_confidence(0),1.0,probably_damaging(1),1.0
Ile444Met,deleterious_low_confidence(0),1.0,probably_damaging(1),1.0
Lys447Arg,tolerated_low_confidence(0.36),0.64,benign(0.003),0.003
Lys447Asn,tolerated_low_confidence(0.21),0.79,benign(0.025),0.025
Ile448Val,deleterious_low_confidence(0.03),0.97,benign(0.001),0.001
Ile448Arg,deleterious_low_confidence(0),1.0,benign(0.352),0.352
Ile448Thr,deleterious_low_confidence(0),1.0,possibly_damaging(0.774),0.774
Glu449Gly,deleterious_low_confidence(0.02),0.98,benign(0.168),0.168
Glu449Ala,deleterious_low_confidence(0),1.0,possibly_damaging(0.559),0.559
Glu449Asp,tolerated_low_confidence(0.05),0.95,benign(0.01),0.01
Arg450Gly,deleterious_low_confidence(0),1.0,benign(0.42),0.42
Arg450Ile,deleterious_low_confidence(0),1.0,possibly_damaging(0.724),0.724
Arg450Thr,deleterious_low_confidence(0),1.0,benign(0.132),0.132
Gly451Arg,deleterious_low_confidence(0),1.0,probably_damaging(1),1.0
Gly451Val,deleterious_low_confidence(0),1.0,probably_damaging(1),1.0
Gln452Pro,deleterious_low_confidence(0),1.0,probably_damaging(0.955),0.955
Gln452His,deleterious_low_confidence(0),1.0,possibly_damaging(0.472),0.472
Leu453Ser,deleterious_low_confidence(0),1.0,probably_damaging(0.99),0.99
Leu453Phe,deleterious_low_confidence(0),1.0,possibly_damaging(0.652),0.652
Ala455Gly,deleterious_low_confidence(0.01),0.99,possibly_damaging(0.53),0.53
Ala455Val,deleterious_low_confidence(0),1.0,possibly_damaging(0.83),0.83
Val456Ala,deleterious_low_confidence(0),1.0,probably_damaging(0.956),0.956
Ala457Thr,tolerated_low_confidence(0.12),0.88,benign(0.007),0.007
Ala457Pro,deleterious_low_confidence(0),1.0,possibly_damaging(0.556),0.556
Ala457Val,deleterious_low_confidence(0),1.0,benign(0.075),0.075
Gly458Glu,deleterious_low_confidence(0),1.0,probably_damaging(1),1.0
Ser459Thr,deleterious_low_confidence(0),1.0,probably_damaging(0.963),0.963
Ser459Phe,deleterious_low_confidence(0),1.0,probably_damaging(0.999),0.999
Gly461Arg,deleterious_low_confidence(0),1.0,probably_damaging(1),1.0
Gly461Val,deleterious_low_confidence(0),1.0,probably_damaging(1),1.0
Ala462Thr,deleterious_low_confidence(0),1.0,benign(0.221),0.221
Ala462Ser,tolerated_low_confidence(1),0.0,benign(0.019),0.019
Ala462Val,deleterious_low_confidence(0),1.0,benign(0.314),0.314
Ala462Gly,deleterious_low_confidence(0.01),0.99,benign(0.261),0.261
Gly463Asp,deleterious_low_confidence(0),1.0,probably_damaging(1),1.0
Lys464Gln,deleterious_low_confidence(0),1.0,probably_damaging(0.993),0.993
Lys464Glu,deleterious_low_confidence(0.01),0.99,possibly_damaging(0.66),0.66
Lys464Thr,deleterious_low_confidence(0),1.0,probably_damaging(0.999),0.999
Lys464Asn,deleterious_low_confidence(0),1.0,probably_damaging(0.994),0.994
Thr465Ile,deleterious_low_confidence(0),1.0,probably_damaging(0.955),0.955
Thr465Asn,deleterious_low_confidence(0),1.0,probably_damaging(0.988),0.988
Ser466Leu,deleterious_low_confidence(0),1.0,probably_damaging(1),1.0
Leu467Pro,deleterious_low_confidence(0),1.0,probably_damaging(1),1.0
Leu468Pro,deleterious_low_confidence(0),1.0,probably_damaging(1),1.0
Met469Leu,deleterious_low_confidence(0),1.0,probably_damaging(0.948),0.948
Met469Val,deleterious_low_confidence(0),1.0,probably_damaging(1),1.0
Met469Ile,deleterious_low_confidence(0),1.0,probably_damaging(0.99),0.99
Val470Glu,deleterious_low_confidence(0),1.0,benign(0.12),0.12
Val470Gly,deleterious_low_confidence(0),1.0,benign(0.12),0.12
Ile471Phe,deleterious_low_confidence(0),1.0,possibly_damaging(0.837),0.837
Ile471Val,deleterious_low_confidence(0.02),0.98,possibly_damaging(0.578),0.578
Ile471Ser,deleterious_low_confidence(0),1.0,probably_damaging(0.999),0.999
Met472Val,deleterious_low_confidence(0),1.0,possibly_damaging(0.66),0.66
Met472Leu,tolerated_low_confidence(1),0.0,benign(0),0.0
Met472Ile,deleterious_low_confidence(0),1.0,benign(0.052),0.052
Gly473Arg,deleterious_low_confidence(0),1.0,probably_damaging(1),1.0
Glu474Gln,deleterious_low_confidence(0),1.0,probably_damaging(0.999),0.999
Glu474Lys,deleterious_low_confidence(0.01),0.99,probably_damaging(0.999),0.999
Glu474Gly,deleterious_low_confidence(0),1.0,probably_damaging(1),1.0
Leu475Val,deleterious_low_confidence(0),1.0,probably_damaging(0.999),0.999
Leu475Met,deleterious_low_confidence(0),1.0,probably_damaging(1),1.0
Leu475Arg,deleterious_low_confidence(0),1.0,probably_damaging(1),1.0
Glu476Asp,deleterious_low_confidence(0.02),0.98,benign(0.138),0.138
Pro477Thr,deleterious_low_confidence(0),1.0,possibly_damaging(0.849),0.849
Pro477Ser,deleterious_low_confidence(0),1.0,probably_damaging(0.956),0.956
Pro477His,deleterious_low_confidence(0.01),0.99,probably_damaging(0.986),0.986
Pro477Leu,deleterious_low_confidence(0),1.0,probably_damaging(0.934),0.934
Ser478Leu,tolerated_low_confidence(0.09),0.91,benign(0.028),0.028
Glu479Gln,tolerated_low_confidence(0.13),0.87,benign(0.006),0.006
Glu479Ala,deleterious_low_confidence(0.01),0.99,benign(0.017),0.017
Glu479Asp,deleterious_low_confidence(0.04),0.96,benign(0.003),0.003
Gly480Ser,deleterious_low_confidence(0),1.0,probably_damaging(1),1.0
Gly480Val,deleterious_low_confidence(0),1.0,probably_damaging(1),1.0
Gly480Asp,deleterious_low_confidence(0),1.0,probably_damaging(1),1.0
Lys481Glu,deleterious_low_confidence(0),1.0,possibly_damaging(0.889),0.889
Ile482Val,deleterious_low_confidence(0.04),0.96,benign(0.13),0.13
Ile482Thr,deleterious_low_confidence(0),1.0,probably_damaging(0.998),0.998
Ile482Met,deleterious_low_confidence(0.01),0.99,probably_damaging(0.999),0.999
Lys483Glu,deleterious_low_confidence(0),1.0,probably_damaging(0.91),0.91
Lys483Asn,deleterious_low_confidence(0),1.0,probably_damaging(0.986),0.986
His484Tyr,deleterious_low_confidence(0),1.0,probably_damaging(0.99),0.99
His484Arg,deleterious_low_confidence(0),1.0,possibly_damaging(0.632),0.632
Ser485Cys,deleterious_low_confidence(0),1.0,probably_damaging(0.999),0.999
Ser485Thr,deleterious_low_confidence(0.01),0.99,probably_damaging(0.979),0.979
Ser485Arg,deleterious_low_confidence(0),1.0,probably_damaging(0.999),0.999
Gly486Glu,deleterious_low_confidence(0),1.0,probably_damaging(1),1.0
Phe490Val,deleterious_low_confidence(0),1.0,probably_damaging(0.936),0.936
Phe490Ser,deleterious_low_confidence(0),1.0,probably_damaging(0.973),0.973
Cys491Gly,deleterious_low_confidence(0.04),0.96,possibly_damaging(0.906),0.906
Cys491Arg,deleterious_low_confidence(0.01),0.99,possibly_damaging(0.674),0.674
Cys491Ser,tolerated_low_confidence(1),0.0,benign(0.131),0.131
Cys491Phe,deleterious_low_confidence(0),1.0,possibly_damaging(0.796),0.796
Ser492Cys,deleterious_low_confidence(0),1.0,probably_damaging(0.915),0.915
Gln493Leu,deleterious_low_confidence(0),1.0,probably_damaging(0.992),0.992
Gln493Pro,deleterious_low_confidence(0),1.0,probably_damaging(1),1.0
Gln493Arg,deleterious_low_confidence(0),1.0,probably_damaging(0.998),0.998
Gln493His,deleterious_low_confidence(0),1.0,probably_damaging(0.999),0.999
Phe494Val,tolerated_low_confidence(0.97),0.03,benign(0.011),0.011
Ser495Tyr,deleterious_low_confidence(0),1.0,probably_damaging(0.982),0.982
Ser495Cys,deleterious_low_confidence(0),1.0,probably_damaging(0.956),0.956
Ser495Phe,deleterious_low_confidence(0),1.0,probably_damaging(0.982),0.982
Trp496Arg,deleterious_low_confidence(0),1.0,probably_damaging(1),1.0
Trp496Cys,deleterious_low_confidence(0),1.0,probably_damaging(1),1.0
Ile497Val,deleterious_low_confidence(0.02),0.98,possibly_damaging(0.873),0.873
Ile497Asn,deleterious_low_confidence(0),1.0,probably_damaging(1),1.0
Ile497Ser,deleterious_low_confidence(0),1.0,probably_damaging(1),1.0
Met498Leu,deleterious_low_confidence(0.01),0.99,benign(0.065),0.065
Met498Val,deleterious_low_confidence(0.01),0.99,possibly_damaging(0.899),0.899
Met498Thr,deleterious_low_confidence(0),1.0,probably_damaging(0.945),0.945
Met498Arg,deleterious_low_confidence(0),1.0,possibly_damaging(0.87),0.87
Pro499Thr,deleterious_low_confidence(0),1.0,probably_damaging(0.998),0.998
Pro499Ser,deleterious_low_confidence(0),1.0,probably_damaging(0.999),0.999
Pro499Ala,deleterious_low_confidence(0),1.0,probably_damaging(0.997),0.997
Pro499Leu,deleterious_low_confidence(0),1.0,probably_damaging(0.999),0.999
Gly500Asp,deleterious_low_confidence(0),1.0,probably_damaging(1),1.0
Gly500Val,deleterious_low_confidence(0),1.0,probably_damaging(0.995),0.995
Thr501Ala,deleterious_low_confidence(0),1.0,probably_damaging(0.998),0.998
Thr501Ile,deleterious_low_confidence(0),1.0,probably_damaging(0.999),0.999
Thr501Ser,deleterious_low_confidence(0.04),0.96,probably_damaging(1),1.0
Ile502Val,deleterious_low_confidence(0.02),0.98,probably_damaging(0.917),0.917
Ile502Asn,deleterious_low_confidence(0),1.0,probably_damaging(1),1.0
Ile502Thr,deleterious_low_confidence(0),1.0,probably_damaging(1),1.0
Ile502Ser,deleterious_low_confidence(0),1.0,probably_damaging(1),1.0
Lys503Glu,deleterious_low_confidence(0),1.0,probably_damaging(0.938),0.938
Lys503Thr,deleterious_low_confidence(0),1.0,probably_damaging(0.999),0.999
Lys503Arg,tolerated_low_confidence(0.98),0.02,benign(0.053),0.053
Ile506Leu,deleterious_low_confidence(0),1.0,probably_damaging(0.999),0.999
Ile506Asn,deleterious_low_confidence(0),1.0,probably_damaging(1),1.0
Ile506Thr,deleterious_low_confidence(0),1.0,probably_damaging(1),1.0
Ile506Ser,deleterious_low_confidence(0),1.0,probably_damaging(1),1.0
Ile507Phe,deleterious_low_confidence(0),1.0,possibly_damaging(0.655),0.655
Ile507Ser,deleterious_low_confidence(0),1.0,probably_damaging(0.993),0.993
Phe508Leu,deleterious_low_confidence(0),1.0,probably_damaging(0.999),0.999
Phe508Val,deleterious_low_confidence(0),1.0,probably_damaging(1),1.0
Gly509Arg,deleterious_low_confidence(0),1.0,probably_damaging(1),1.0
Gly509Val,deleterious_low_confidence(0),1.0,probably_damaging(1),1.0
Gly509Asp,deleterious_low_confidence(0),1.0,probably_damaging(1),1.0
Val510Ile,deleterious_low_confidence(0.04),0.96,benign(0.007),0.007
Val510Phe,deleterious_low_confidence(0),1.0,possibly_damaging(0.599),0.599
Val510Gly,deleterious_low_confidence(0),1.0,probably_damaging(0.996),0.996
Tyr512His,deleterious_low_confidence(0.02),0.98,probably_damaging(0.998),0.998
Tyr512Asn,deleterious_low_confidence(0),1.0,probably_damaging(0.998),0.998
Tyr512Cys,deleterious_low_confidence(0),1.0,probably_damaging(0.992),0.992
Asp513Glu,deleterious_low_confidence(0.01),0.99,possibly_damaging(0.837),0.837
Glu514Ala,deleterious_low_confidence(0),1.0,probably_damaging(0.938),0.938
Glu514Gly,deleterious_low_confidence(0),1.0,probably_damaging(0.985),0.985
Glu514Asp,deleterious_low_confidence(0.01),0.99,possibly_damaging(0.778),0.778
Tyr515Asp,deleterious_low_confidence(0),1.0,probably_damaging(0.999),0.999
Tyr515His,deleterious_low_confidence(0.02),0.98,probably_damaging(0.999),0.999
Tyr515Cys,deleterious_low_confidence(0),1.0,probably_damaging(0.997),0.997
Arg516Gly,deleterious_low_confidence(0),1.0,probably_damaging(1),1.0
Arg516Ile,deleterious_low_confidence(0),1.0,probably_damaging(1),1.0
Tyr517Ser,deleterious_low_confidence(0),1.0,probably_damaging(1),1.0
Tyr517Cys,deleterious_low_confidence(0),1.0,probably_damaging(1),1.0
Arg518Gly,deleterious_low_confidence(0.04),0.96,possibly_damaging(0.631),0.631
Ser519Arg,deleterious_low_confidence(0.01),0.99,probably_damaging(0.965),0.965
Val520Ile,tolerated_low_confidence(0.14),0.86,benign(0.024),0.024
Val520Leu,deleterious_low_confidence(0),1.0,benign(0.242),0.242
Val520Ala,deleterious_low_confidence(0),1.0,probably_damaging(0.995),0.995
Val520Asp,deleterious_low_confidence(0),1.0,probably_damaging(0.999),0.999
Ile521Leu,deleterious_low_confidence(0),1.0,possibly_damaging(0.481),0.481
Ile521Phe,deleterious_low_confidence(0),1.0,possibly_damaging(0.818),0.818
Ile521Thr,deleterious_low_confidence(0),1.0,probably_damaging(0.988),0.988
Ile521Asn,deleterious_low_confidence(0),1.0,probably_damaging(0.999),0.999
Ile521Met,deleterious_low_confidence(0.01),0.99,probably_damaging(0.994),0.994
Lys522Glu,deleterious_low_confidence(0),1.0,possibly_damaging(0.685),0.685
Cys524Arg,deleterious_low_confidence(0),1.0,probably_damaging(1),1.0
Cys524Tyr,deleterious_low_confidence(0),1.0,probably_damaging(1),1.0
Gln525Pro,deleterious_low_confidence(0),1.0,probably_damaging(1),1.0
Leu526Pro,deleterious_low_confidence(0),1.0,probably_damaging(1),1.0
Glu527Gly,deleterious_low_confidence(0),1.0,probably_damaging(0.912),0.912
Glu528Lys,deleterious_low_confidence(0.01),0.99,benign(0.031),0.031
Glu528Ala,deleterious_low_confidence(0),1.0,possibly_damaging(0.781),0.781
Glu528Gly,deleterious_low_confidence(0),1.0,probably_damaging(0.921),0.921
Glu528Asp,deleterious_low_confidence(0),1.0,possibly_damaging(0.451),0.451
Asp529Asn,deleterious_low_confidence(0.01),0.99,possibly_damaging(0.643),0.643
Asp529Ala,deleterious_low_confidence(0),1.0,possibly_damaging(0.831),0.831
Asp529Gly,deleterious_low_confidence(0),1.0,probably_damaging(0.955),0.955
Ile530Val,deleterious_low_confidence(0.03),0.97,benign(0.189),0.189
Ile530Leu,tolerated_low_confidence(0.47),0.53,benign(0.02),0.02
Ile530Asn,deleterious_low_confidence(0),1.0,probably_damaging(0.997),0.997
Ile530Thr,deleterious_low_confidence(0),1.0,probably_damaging(0.989),0.989
Ile530Met,deleterious_low_confidence(0),1.0,probably_damaging(0.986),0.986
Lys532Arg,tolerated_low_confidence(0.48),0.52,benign(0.291),0.291
Phe533Val,deleterious_low_confidence(0.01),0.99,possibly_damaging(0.764),0.764
Phe533Leu,tolerated_low_confidence(1),0.0,benign(0.028),0.028
Ala534Thr,deleterious_low_confidence(0.04),0.96,benign(0),0.0
Ala534Ser,deleterious_low_confidence(0.03),0.97,benign(0.001),0.001
Ala534Glu,deleterious_low_confidence(0.01),0.99,benign(0.055),0.055
Glu535Lys,deleterious_low_confidence(0.01),0.99,benign(0.298),0.298
Glu535Gln,deleterious_low_confidence(0),1.0,possibly_damaging(0.551),0.551
Lys536Glu,deleterious_low_confidence(0),1.0,possibly_damaging(0.752),0.752
Asp537Asn,deleterious_low_confidence(0),1.0,probably_damaging(0.999),0.999
Asp537Gly,deleterious_low_confidence(0),1.0,probably_damaging(1),1.0
Asn538His,tolerated_low_confidence(0.07),0.93,possibly_damaging(0.586),0.586
Asn538Tyr,tolerated_low_confidence(0.36),0.64,benign(0.023),0.023
Asn538Ser,deleterious_low_confidence(0.04),0.96,benign(0.147),0.147
Asn538Lys,tolerated_low_confidence(1),0.0,benign(0.011),0.011
Ile539Thr,tolerated_low_confidence(1),0.0,benign(0.014),0.014
Val540Ile,tolerated_low_confidence(0.12),0.88,benign(0.001),0.001
Val540Ala,tolerated_low_confidence(0.21),0.79,benign(0.358),0.358
Val540Asp,deleterious_low_confidence(0.04),0.96,probably_damaging(0.97),0.97
Leu541Pro,deleterious_low_confidence(0),1.0,probably_damaging(1),1.0
Gly542Arg,deleterious_low_confidence(0.02),0.98,probably_damaging(0.96),0.96
Gly542Glu,deleterious_low_confidence(0.02),0.98,probably_damaging(0.945),0.945
Gly544Ser,deleterious_low_confidence(0),1.0,probably_damaging(0.999),0.999
Gly545Arg,deleterious_low_confidence(0),1.0,probably_damaging(1),1.0
Gly545Val,deleterious_low_confidence(0),1.0,probably_damaging(1),1.0
Gly545Glu,deleterious_low_confidence(0),1.0,probably_damaging(0.999),0.999
Ile546Leu,tolerated_low_confidence(0.3),0.7,benign(0.007),0.007
Thr547Ala,deleterious_low_confidence(0),1.0,benign(0.051),0.051
Thr547Arg,deleterious_low_confidence(0),1.0,possibly_damaging(0.452),0.452
Leu548Pro,deleterious_low_confidence(0),1.0,probably_damaging(1),1.0
Ser549Thr,deleterious_low_confidence(0),1.0,probably_damaging(0.997),0.997
Gly550Arg,deleterious_low_confidence(0),1.0,probably_damaging(1),1.0
Gly551Val,deleterious_low_confidence(0),1.0,probably_damaging(1),1.0
Gln552Lys,deleterious_low_confidence(0),1.0,probably_damaging(0.993),0.993
Gln552Pro,deleterious_low_confidence(0),1.0,probably_damaging(1),1.0
Arg553Gly,deleterious_low_confidence(0),1.0,probably_damaging(0.999),0.999
Ala554Gly,deleterious_low_confidence(0),1.0,probably_damaging(0.998),0.998
Arg555Gly,deleterious_low_confidence(0),1.0,probably_damaging(1),1.0
Arg555Ile,deleterious_low_confidence(0),1.0,probably_damaging(1),1.0
Ile556Leu,tolerated_low_confidence(0.28),0.72,benign(0.309),0.309
Ile556Val,tolerated_low_confidence(0.2),0.8,benign(0.342),0.342
Ser557Thr,tolerated_low_confidence(0.06),0.94,benign(0.145),0.145
Ala559Pro,deleterious_low_confidence(0),1.0,probably_damaging(1),1.0
Ala559Ser,deleterious_low_confidence(0.01),0.99,probably_damaging(0.999),0.999
Arg560Gly,deleterious_low_confidence(0),1.0,probably_damaging(1),1.0
Arg560Ser,deleterious_low_confidence(0),1.0,probably_damaging(1),1.0
Ala561Thr,deleterious_low_confidence(0),1.0,probably_damaging(0.995),0.995
Ala561Val,deleterious_low_confidence(0),1.0,probably_damaging(0.996),0.996
Ala561Glu,deleterious_low_confidence(0.01),0.99,probably_damaging(0.999),0.999
Val562Ala,deleterious_low_confidence(0),1.0,probably_damaging(0.989),0.989
Tyr563Asp,deleterious_low_confidence(0),1.0,probably_damaging(1),1.0
Tyr563His,deleterious_low_confidence(0),1.0,probably_damaging(1),1.0
Tyr563Cys,deleterious_low_confidence(0),1.0,probably_damaging(1),1.0
Lys564Glu,deleterious_low_confidence(0),1.0,probably_damaging(0.989),0.989
Lys564Arg,tolerated_low_confidence(0.13),0.87,benign(0.376),0.376
Asp565Tyr,deleterious_low_confidence(0),1.0,probably_damaging(0.999),0.999
Asp565Asn,deleterious_low_confidence(0),1.0,probably_damaging(0.991),0.991
Asp565Val,deleterious_low_confidence(0),1.0,probably_damaging(0.997),0.997
Asp565Gly,deleterious_low_confidence(0),1.0,probably_damaging(0.998),0.998
Asp565Glu,deleterious_low_confidence(0),1.0,probably_damaging(0.941),0.941
Ala566Thr,deleterious_low_confidence(0),1.0,probably_damaging(0.996),0.996
Ala566Asp,deleterious_low_confidence(0),1.0,probably_damaging(0.998),0.998
Asp567Asn,deleterious_low_confidence(0.01),0.99,probably_damaging(0.941),0.941
Asp567Tyr,deleterious_low_confidence(0),1.0,probably_damaging(0.999),0.999
Asp567Ala,deleterious_low_confidence(0.02),0.98,probably_damaging(0.999),0.999
Leu568Phe,deleterious_low_confidence(0),1.0,probably_damaging(0.91),0.91
Leu570Ser,deleterious_low_confidence(0),1.0,probably_damaging(1),1.0
Leu570Phe,deleterious_low_confidence(0),1.0,probably_damaging(1),1.0
Asp572Gly,deleterious_low_confidence(0),1.0,probably_damaging(1),1.0
Ser573Cys,deleterious_low_confidence(0),1.0,probably_damaging(0.975),0.975
Ser573Phe,deleterious_low_confidence(0),1.0,probably_damaging(0.986),0.986
Pro574Ser,deleterious_low_confidence(0),1.0,probably_damaging(1),1.0
Pro574Leu,deleterious_low_confidence(0),1.0,probably_damaging(1),1.0
Phe575Tyr,deleterious_low_confidence(0),1.0,probably_damaging(0.998),0.998
Gly576Arg,tolerated_low_confidence(0.07),0.93,probably_damaging(0.974),0.974
Tyr577Phe,deleterious_low_confidence(0),1.0,possibly_damaging(0.481),0.481
Leu578Val,deleterious_low_confidence(0.01),0.99,possibly_damaging(0.866),0.866
Leu578Pro,deleterious_low_confidence(0),1.0,probably_damaging(1),1.0
Asp579His,deleterious_low_confidence(0),1.0,probably_damaging(1),1.0
Asp579Asn,deleterious_low_confidence(0),1.0,probably_damaging(0.999),0.999
Asp579Tyr,deleterious_low_confidence(0),1.0,probably_damaging(1),1.0
Asp579Ala,deleterious_low_confidence(0),1.0,probably_damaging(1),1.0
Asp579Val,deleterious_low_confidence(0),1.0,probably_damaging(1),1.0
Val580Ile,tolerated_low_confidence(1),0.0,benign(0),0.0
Leu581Phe,tolerated_low_confidence(0.52),0.48,benign(0.003),0.003
Thr582Ser,deleterious_low_confidence(0),1.0,probably_damaging(0.999),0.999
Thr582Arg,deleterious_low_confidence(0),1.0,probably_damaging(0.998),0.998
Thr582Ile,deleterious_low_confidence(0),1.0,probably_damaging(0.988),0.988
Glu585Ala,deleterious_low_confidence(0),1.0,possibly_damaging(0.573),0.573
Ile586Val,tolerated_low_confidence(0.05),0.95,benign(0.015),0.015
Ile586Thr,deleterious_low_confidence(0),1.0,probably_damaging(0.981),0.981
Ile586Met,deleterious_low_confidence(0),1.0,probably_damaging(0.985),0.985
Phe587Ile,deleterious_low_confidence(0),1.0,probably_damaging(0.999),0.999
Phe587Val,deleterious_low_confidence(0),1.0,probably_damaging(1),1.0
Phe587Ser,deleterious_low_confidence(0),1.0,probably_damaging(1),1.0
Glu588Lys,tolerated_low_confidence(0.07),0.93,benign(0.042),0.042
Glu588Ala,deleterious_low_confidence(0),1.0,possibly_damaging(0.822),0.822
Glu588Gly,deleterious_low_confidence(0),1.0,probably_damaging(0.915),0.915
Glu588Val,deleterious_low_confidence(0),1.0,possibly_damaging(0.719),0.719
Ser589Arg,tolerated_low_confidence(0.6),0.4,benign(0.003),0.003
Ser589Asn,tolerated_low_confidence(0.12),0.88,benign(0),0.0
Ser589Thr,deleterious_low_confidence(0.03),0.97,benign(0.013),0.013
Ser589Ile,deleterious_low_confidence(0.01),0.99,benign(0.077),0.077
Cys590Ser,deleterious_low_confidence(0),1.0,probably_damaging(1),1.0
Cys590Tyr,deleterious_low_confidence(0),1.0,probably_damaging(1),1.0
Val591Ile,tolerated_low_confidence(0.23),0.77,benign(0),0.0
Cys592Arg,deleterious_low_confidence(0),1.0,probably_damaging(0.998),0.998
Cys592Tyr,deleterious_low_confidence(0),1.0,probably_damaging(0.998),0.998
Leu594Pro,deleterious_low_confidence(0),1.0,probably_damaging(1),1.0
Met595Val,deleterious_low_confidence(0),1.0,possibly_damaging(0.538),0.538
Met595Ile,tolerated_low_confidence(0.08),0.92,benign(0.003),0.003
Asn597Asp,deleterious_low_confidence(0.04),0.96,possibly_damaging(0.456),0.456
Asn597Lys,deleterious_low_confidence(0),1.0,benign(0.127),0.127
Lys598Glu,deleterious_low_confidence(0),1.0,probably_damaging(0.995),0.995
Lys598Thr,deleterious_low_confidence(0),1.0,probably_damaging(0.998),0.998
Thr599Ser,deleterious_low_confidence(0.02),0.98,possibly_damaging(0.716),0.716
Arg600Gly,deleterious_low_confidence(0),1.0,probably_damaging(1),1.0
Ile601Val,tolerated_low_confidence(0.19),0.81,benign(0.067),0.067
Ile601Leu,deleterious_low_confidence(0),1.0,benign(0.379),0.379
Ile601Thr,deleterious_low_confidence(0),1.0,probably_damaging(0.996),0.996
Leu602Phe,deleterious_low_confidence(0),1.0,probably_damaging(0.937),0.937
Val603Ile,deleterious_low_confidence(0.04),0.96,benign(0.009),0.009
Val603Phe,deleterious_low_confidence(0),1.0,possibly_damaging(0.732),0.732
Val603Ala,deleterious_low_confidence(0),1.0,probably_damaging(0.968),0.968
Thr604Ala,deleterious_low_confidence(0),1.0,probably_damaging(0.997),0.997
Thr604Pro,deleterious_low_confidence(0),1.0,probably_damaging(1),1.0
Thr604Ser,deleterious_low_confidence(0),1.0,probably_damaging(1),1.0
Thr604Ile,deleterious_low_confidence(0),1.0,probably_damaging(0.999),0.999
Ser605Phe,deleterious_low_confidence(0),1.0,probably_damaging(0.988),0.988
Lys606Asn,deleterious_low_confidence(0),1.0,probably_damaging(0.997),0.997
Met607Val,deleterious_low_confidence(0.01),0.99,benign(0.013),0.013
Met607Thr,deleterious_low_confidence(0),1.0,benign(0.15),0.15
Met607Ile,tolerated_low_confidence(0.13),0.87,benign(0.001),0.001
Glu608Gly,deleterious_low_confidence(0),1.0,probably_damaging(0.949),0.949
His609Tyr,deleterious_low_confidence(0),1.0,possibly_damaging(0.719),0.719
His609Arg,deleterious_low_confidence(0),1.0,benign(0.409),0.409
His609Leu,deleterious_low_confidence(0),1.0,benign(0.372),0.372
Leu610Phe,deleterious_low_confidence(0),1.0,probably_damaging(0.996),0.996
Lys611Arg,deleterious_low_confidence(0.04),0.96,benign(0.059),0.059
Asp614Asn,deleterious_low_confidence(0),1.0,probably_damaging(0.999),0.999
Asp614Glu,deleterious_low_confidence(0),1.0,probably_damaging(0.995),0.995
Lys615Arg,tolerated_low_confidence(0.06),0.94,benign(0.068),0.068
Ile616Val,deleterious_low_confidence(0.05),0.95,benign(0.01),0.01
Ile616Thr,deleterious_low_confidence(0),1.0,probably_damaging(0.969),0.969
Ile616Met,deleterious_low_confidence(0),1.0,possibly_damaging(0.799),0.799
Leu619Trp,deleterious_low_confidence(0),1.0,probably_damaging(0.999),0.999
His620Tyr,deleterious_low_confidence(0),1.0,probably_damaging(0.994),0.994
His620Leu,deleterious_low_confidence(0),1.0,probably_damaging(0.991),0.991
Ser623Arg,tolerated_low_confidence(0.18),0.82,benign(0.161),0.161
Ser624Cys,tolerated_low_confidence(1),0.0,benign(0),0.0
Ser624Arg,deleterious_low_confidence(0),1.0,benign(0.159),0.159
Tyr625Ser,deleterious_low_confidence(0),1.0,probably_damaging(0.999),0.999
Gly628Ala,deleterious_low_confidence(0),1.0,probably_damaging(0.999),0.999
Thr629Ala,deleterious_low_confidence(0.01),0.99,benign(0.005),0.005
Phe630Leu,deleterious_low_confidence(0),1.0,probably_damaging(0.976),0.976
Glu632Lys,deleterious_low_confidence(0),1.0,benign(0.393),0.393
Leu633Val,deleterious_low_confidence(0),1.0,probably_damaging(0.994),0.994
Leu633Ile,deleterious_low_confidence(0),1.0,probably_damaging(0.998),0.998
Gln634His,deleterious_low_confidence(0.01),0.99,benign(0.352),0.352
Asn635Ile,deleterious_low_confidence(0),1.0,benign(0.038),0.038
Asn635Lys,deleterious_low_confidence(0.03),0.97,benign(0.018),0.018
Leu636Pro,deleterious_low_confidence(0.01),0.99,possibly_damaging(0.711),0.711
Gln637Lys,deleterious_low_confidence(0.05),0.95,benign(0),0.0
Pro638Thr,deleterious_low_confidence(0),1.0,probably_damaging(0.993),0.993
Pro638Ser,deleterious_low_confidence(0.01),0.99,probably_damaging(0.999),0.999
Pro638Gln,deleterious_low_confidence(0),1.0,probably_damaging(0.998),0.998
Pro638Leu,deleterious_low_confidence(0),1.0,probably_damaging(0.994),0.994
Asp639His,deleterious_low_confidence(0),1.0,probably_damaging(0.958),0.958
Asp639Tyr,deleterious_low_confidence(0),1.0,probably_damaging(0.987),0.987
Asp639Gly,deleterious_low_confidence(0),1.0,probably_damaging(0.97),0.97
Phe640Cys,deleterious_low_confidence(0),1.0,probably_damaging(1),1.0
Phe640Leu,deleterious_low_confidence(0.02),0.98,probably_damaging(0.999),0.999
Lys643Gln,tolerated_low_confidence(0.29),0.71,benign(0.058),0.058
Lys643Glu,tolerated_low_confidence(0.29),0.71,benign(0.007),0.007
Lys643Arg,tolerated_low_confidence(0.7),0.3,benign(0.059),0.059
Leu644Val,deleterious_low_confidence(0),1.0,probably_damaging(0.998),0.998
Leu644Pro,deleterious_low_confidence(0),1.0,probably_damaging(1),1.0
Met645Lys,deleterious_low_confidence(0.01),0.99,benign(0.028),0.028
Met645Thr,deleterious_low_confidence(0.03),0.97,benign(0.075),0.075
Met645Ile,deleterious_low_confidence(0.03),0.97,benign(0.005),0.005
Gly646Arg,deleterious_low_confidence(0),1.0,probably_damaging(1),1.0
Cys647Ser,deleterious_low_confidence(0.04),0.96,benign(0),0.0
Asp648Gly,deleterious_low_confidence(0.04),0.96,benign(0.024),0.024
Phe650Ser,deleterious_low_confidence(0),1.0,probably_damaging(0.999),0.999
Phe650Leu,deleterious_low_confidence(0),1.0,possibly_damaging(0.829),0.829
Asp651His,deleterious_low_confidence(0),1.0,probably_damaging(0.999),0.999
Asp651Asn,deleterious_low_confidence(0),1.0,probably_damaging(0.998),0.998
Asp651Glu,deleterious_low_confidence(0),1.0,probably_damaging(0.985),0.985
Gln652Glu,deleterious_low_confidence(0.01),0.99,benign(0.149),0.149
Gln652Pro,deleterious_low_confidence(0),1.0,probably_damaging(0.938),0.938
Ser654Arg,deleterious_low_confidence(0),1.0,benign(0.265),0.265
Ser654Cys,deleterious_low_confidence(0),1.0,possibly_damaging(0.562),0.562
Ala655Ser,deleterious_low_confidence(0.02),0.98,benign(0.096),0.096
Ala655Thr,deleterious_low_confidence(0.01),0.99,benign(0.398),0.398
Ala655Val,deleterious_low_confidence(0.02),0.98,benign(0.423),0.423
Glu656Gln,deleterious_low_confidence(0),1.0,possibly_damaging(0.879),0.879
Glu656Gly,deleterious_low_confidence(0.01),0.99,probably_damaging(0.97),0.97
Glu656Ala,deleterious_low_confidence(0),1.0,probably_damaging(0.965),0.965
Arg657Lys,deleterious_low_confidence(0),1.0,probably_damaging(1),1.0
Arg658Ser,deleterious_low_confidence(0),1.0,probably_damaging(1),1.0
Ser660Thr,deleterious_low_confidence(0),1.0,probably_damaging(0.993),0.993
Ile661Val,tolerated_low_confidence(0.07),0.93,benign(0.313),0.313
Ile661Thr,deleterious_low_confidence(0),1.0,probably_damaging(0.999),0.999
Ile661Met,deleterious_low_confidence(0),1.0,probably_damaging(1),1.0
Glu664Gln,deleterious_low_confidence(0),1.0,probably_damaging(0.999),0.999
Glu664Asp,deleterious_low_confidence(0.01),0.99,probably_damaging(0.999),0.999
Thr665Pro,deleterious_low_confidence(0),1.0,probably_damaging(1),1.0
Thr665Ser,deleterious_low_confidence(0),1.0,probably_damaging(0.994),0.994
Leu666Ser,deleterious_low_confidence(0),1.0,probably_damaging(1),1.0
Leu666Phe,deleterious_low_confidence(0.04),0.96,benign(0.373),0.373
His667Tyr,deleterious_low_confidence(0),1.0,benign(0.159),0.159
Arg668Ser,deleterious_low_confidence(0),1.0,probably_damaging(1),1.0
Arg668His,deleterious_low_confidence(0),1.0,probably_damaging(1),1.0
Phe669Leu,tolerated_low_confidence(0.23),0.77,benign(0.021),0.021
Ser670Leu,deleterious_low_confidence(0),1.0,probably_damaging(0.999),0.999
Leu671Ser,deleterious_low_confidence(0),1.0,probably_damaging(0.909),0.909
Glu672Lys,deleterious_low_confidence(0),1.0,benign(0.305),0.305
Gly673Arg,tolerated_low_confidence(0.1),0.9,possibly_damaging(0.833),0.833
Asp674Tyr,deleterious_low_confidence(0),1.0,probably_damaging(0.938),0.938
Asp674Gly,tolerated_low_confidence(0.06),0.94,benign(0.421),0.421
Asp674Val,deleterious_low_confidence(0),1.0,possibly_damaging(0.607),0.607
Asp674Glu,tolerated_low_confidence(0.36),0.64,benign(0.031),0.031
Pro676Ser,tolerated_low_confidence(0.82),0.18,benign(0),0.0
Pro676Ala,tolerated_low_confidence(0.74),0.26,benign(0),0.0
Val677Asp,tolerated_low_confidence(0.15),0.85,benign(0.132),0.132
Ser678Phe,tolerated_low_confidence(0.22),0.78,possibly_damaging(0.566),0.566
Trp679Arg,tolerated_low_confidence(0.57),0.43,benign(0.005),0.005
Thr680Ile,tolerated_low_confidence(0.1),0.9,benign(0.173),0.173
Glu681Val,deleterious_low_confidence(0),1.0,possibly_damaging(0.712),0.712
Thr682Lys,tolerated_low_confidence(0.21),0.79,benign(0.214),0.214
Thr682Ile,tolerated_low_confidence(0.38),0.62,benign(0.009),0.009
Lys684Asn,deleterious_low_confidence(0.04),0.96,benign(0.052),0.052
Gln685Lys,tolerated_low_confidence(0.07),0.93,benign(0.013),0.013
Gln685Pro,tolerated_low_confidence(0.17),0.83,benign(0.013),0.013
Ser686Tyr,deleterious_low_confidence(0),1.0,probably_damaging(0.982),0.982
Gln689Pro,tolerated_low_confidence(0.05),0.95,probably_damaging(0.99),0.99
Gln689Arg,deleterious_low_confidence(0.01),0.99,probably_damaging(0.953),0.953
Thr690Ala,tolerated_low_confidence(0.34),0.66,benign(0.007),0.007
Gly691Arg,deleterious_low_confidence(0.03),0.97,possibly_damaging(0.764),0.764
Gly691Val,deleterious_low_confidence(0.04),0.96,benign(0.421),0.421
Glu692Gln,tolerated_low_confidence(0.07),0.93,possibly_damaging(0.544),0.544
Glu692Val,deleterious_low_confidence(0.03),0.97,benign(0.306),0.306
Glu692Asp,tolerated_low_confidence(1),0.0,benign(0.013),0.013
Phe693Ser,deleterious_low_confidence(0.03),0.97,benign(0.251),0.251
Gly694Glu,tolerated_low_confidence(0.31),0.69,benign(0.226),0.226
Glu695Lys,deleterious_low_confidence(0),1.0,possibly_damaging(0.701),0.701
Glu695Val,deleterious_low_confidence(0.01),0.99,probably_damaging(0.94),0.94
Lys696Arg,tolerated_low_confidence(0.16),0.84,benign(0.033),0.033
Arg697Thr,deleterious_low_confidence(0),1.0,probably_damaging(0.999),0.999
Asn699Asp,deleterious_low_confidence(0.02),0.98,benign(0.225),0.225
Asn699Ile,deleterious_low_confidence(0),1.0,possibly_damaging(0.663),0.663
Asn699Lys,deleterious_low_confidence(0.03),0.97,benign(0.225),0.225
Ser700Pro,deleterious_low_confidence(0),1.0,probably_damaging(1),1.0
Ser700Tyr,deleterious_low_confidence(0),1.0,probably_damaging(1),1.0
Ile701Val,tolerated_low_confidence(0.19),0.81,benign(0.038),0.038
Leu702Ile,tolerated_low_confidence(0.38),0.62,benign(0.02),0.02
Leu702Pro,deleterious_low_confidence(0),1.0,possibly_damaging(0.906),0.906
Asn703Asp,deleterious_low_confidence(0),1.0,possibly_damaging(0.569),0.569
Asn703Ile,deleterious_low_confidence(0),1.0,possibly_damaging(0.899),0.899
Asn703Thr,deleterious_low_confidence(0),1.0,possibly_damaging(0.569),0.569
Pro704Leu,deleterious_low_confidence(0),1.0,benign(0.166),0.166
Ile705Val,deleterious_low_confidence(0.01),0.99,benign(0.003),0.003
Ser707Cys,deleterious_low_confidence(0),1.0,possibly_damaging(0.846),0.846
Ile708Val,tolerated_low_confidence(0.08),0.92,benign(0),0.0
Ile708Thr,tolerated_low_confidence(0.11),0.89,benign(0),0.0
Arg709Gly,deleterious_low_confidence(0),1.0,possibly_damaging(0.62),0.62
Arg709Leu,deleterious_low_confidence(0),1.0,possibly_damaging(0.62),0.62
Arg709Gln,deleterious_low_confidence(0.01),0.99,possibly_damaging(0.729),0.729
Lys710Arg,deleterious_low_confidence(0.02),0.98,benign(0.146),0.146
Lys710Asn,deleterious_low_confidence(0),1.0,possibly_damaging(0.882),0.882
Phe711Leu,tolerated_low_confidence(0.06),0.94,benign(0.015),0.015
Ile713Val,tolerated_low_confidence(0.48),0.52,benign(0.003),0.003
Val714Leu,tolerated_low_confidence(0.08),0.92,benign(0.033),0.033
Gln715Glu,deleterious_low_confidence(0.02),0.98,benign(0.147),0.147
Gln715His,deleterious_low_confidence(0.04),0.96,benign(0.066),0.066
Thr717Asn,tolerated_low_confidence(0.63),0.37,benign(0.009),0.009
Pro718Ser,tolerated_low_confidence(0.35),0.65,benign(0.01),0.01
Pro718Arg,deleterious_low_confidence(0.01),0.99,benign(0.218),0.218
Asn722Thr,tolerated_low_confidence(0.32),0.68,benign(0.116),0.116
Asn722Lys,deleterious_low_confidence(0.02),0.98,benign(0.116),0.116
Gly723Val,deleterious_low_confidence(0.05),0.95,possibly_damaging(0.67),0.67
Ile724Leu,tolerated_low_confidence(0.06),0.94,benign(0.001),0.001
Ile724Val,tolerated_low_confidence(0.08),0.92,benign(0.031),0.031
Ile724Thr,tolerated_low_confidence(0.15),0.85,benign(0.007),0.007
Glu725Lys,deleterious_low_confidence(0),1.0,possibly_damaging(0.701),0.701
Glu725Gly,deleterious_low_confidence(0),1.0,possibly_damaging(0.795),0.795
Glu725Val,deleterious_low_confidence(0.03),0.97,probably_damaging(0.94),0.94
Asp727Tyr,deleterious_low_confidence(0.02),0.98,benign(0.399),0.399
Ser728Phe,tolerated_low_confidence(0.69),0.31,benign(0.005),0.005
Asp729His,tolerated_low_confidence(0.23),0.77,benign(0.007),0.007
Asp729Asn,tolerated_low_confidence(0.56),0.44,benign(0.003),0.003
Asp729Ala,tolerated_low_confidence(0.74),0.26,benign(0.042),0.042
Asp729Gly,tolerated_low_confidence(0.58),0.42,benign(0),0.0
Glu730Lys,deleterious_low_confidence(0.01),0.99,benign(0.208),0.208
Glu730Ala,deleterious_low_confidence(0.03),0.97,benign(0.007),0.007
Pro731Thr,tolerated_low_confidence(0.5),0.5,benign(0.005),0.005
Pro731Ser,tolerated_low_confidence(0.43),0.57,benign(0.005),0.005
Pro731Arg,tolerated_low_confidence(0.29),0.71,benign(0.362),0.362
Pro731Leu,tolerated_low_confidence(0.93),0.07,benign(0.001),0.001
Leu732Val,tolerated_low_confidence(0.31),0.69,benign(0),0.0
Leu732Ser,tolerated_low_confidence(0.83),0.17,benign(0),0.0
Arg734Gly,deleterious_low_confidence(0),1.0,probably_damaging(0.938),0.938
Arg735Lys,tolerated_low_confidence(0.8),0.2,benign(0.009),0.009
Arg735Ser,deleterious_low_confidence(0),1.0,benign(0.402),0.402
Ser737Phe,deleterious_low_confidence(0.01),0.99,probably_damaging(1),1.0
Leu738Val,tolerated_low_confidence(0.62),0.38,benign(0.078),0.078
Val739Ile,tolerated_low_confidence(0.06),0.94,benign(0.131),0.131
Pro740Ser,deleterious_low_confidence(0),1.0,possibly_damaging(0.899),0.899
Pro740Arg,deleterious_low_confidence(0),1.0,probably_damaging(0.972),0.972
Pro740Leu,deleterious_low_confidence(0),1.0,probably_damaging(0.93),0.93
Ser742Phe,deleterious_low_confidence(0.04),0.96,possibly_damaging(0.477),0.477
Glu743Gly,deleterious_low_confidence(0),1.0,probably_damaging(0.957),0.957
Gln744Arg,deleterious_low_confidence(0.02),0.98,benign(0.208),0.208
Gln744Pro,tolerated_low_confidence(0.06),0.94,benign(0),0.0
Glu746Asp,tolerated_low_confidence(0.17),0.83,benign(0.077),0.077
Ala747Glu,tolerated_low_confidence(1),0.0,benign(0.013),0.013
Ala747Val,tolerated_low_confidence(0.27),0.73,benign(0.007),0.007
Pro750Thr,deleterious_low_confidence(0),1.0,probably_damaging(0.926),0.926
Pro750Leu,tolerated_low_confidence(0.12),0.88,benign(0.173),0.173
Arg751Cys,deleterious_low_confidence(0),1.0,probably_damaging(0.956),0.956
Arg751Leu,deleterious_low_confidence(0.01),0.99,benign(0.272),0.272
Arg751His,deleterious_low_confidence(0.01),0.99,probably_damaging(0.956),0.956
Ile752Leu,deleterious_low_confidence(0.01),0.99,benign(0.028),0.028
Ile752Phe,deleterious_low_confidence(0),1.0,benign(0.224),0.224
Ile752Ser,tolerated_low_confidence(1),0.0,benign(0),0.0
Ser753Gly,tolerated_low_confidence(0.07),0.93,benign(0.028),0.028
Ser753Cys,deleterious_low_confidence(0),1.0,possibly_damaging(0.666),0.666
Ser753Arg,deleterious_low_confidence(0.01),0.99,benign(0.066),0.066
Val754Ala,tolerated_low_confidence(0.12),0.88,benign(0.007),0.007
Ile755Thr,deleterious_low_confidence(0.01),0.99,benign(0.148),0.148
Ser756Gly,deleterious_low_confidence(0.01),0.99,benign(0.028),0.028
Ser756Ile,deleterious_low_confidence(0),1.0,benign(0.066),0.066
Ser756Asn,tolerated_low_confidence(1),0.0,benign(0),0.0
Thr757Ser,tolerated_low_confidence(0.69),0.31,benign(0.009),0.009
Thr757Ile,tolerated_low_confidence(0.07),0.93,benign(0.196),0.196
Pro759Thr,tolerated_low_confidence(0.34),0.66,possibly_damaging(0.663),0.663
Pro759Leu,tolerated_low_confidence(0.46),0.54,benign(0.021),0.021
Thr760Ala,tolerated_low_confidence(0.54),0.46,benign(0.005),0.005
Thr760Ser,tolerated_low_confidence(0.48),0.52,benign(0.009),0.009
Thr760Met,tolerated_low_confidence(0.3),0.7,benign(0.009),0.009
Leu761Ile,deleterious_low_confidence(0.03),0.97,benign(0.103),0.103
Leu761Phe,tolerated_low_confidence(0.7),0.3,benign(0.001),0.001
Leu761Val,deleterious_low_confidence(0.05),0.95,benign(0.103),0.103
Ala763Thr,deleterious_low_confidence(0),1.0,benign(0.103),0.103
Ala763Ser,deleterious_low_confidence(0.02),0.98,benign(0.009),0.009
Ala763Gly,tolerated_low_confidence(1),0.0,benign(0),0.0
Arg764Gln,tolerated_low_confidence(1),0.0,benign(0.001),0.001
Arg765Gly,deleterious_low_confidence(0),1.0,probably_damaging(0.999),0.999
Arg765Lys,deleterious_low_confidence(0),1.0,probably_damaging(0.998),0.998
Arg765Ser,deleterious_low_confidence(0),1.0,probably_damaging(0.999),0.999
Arg766Thr,deleterious_low_confidence(0),1.0,probably_damaging(0.999),0.999
Arg766Ser,deleterious_low_confidence(0),1.0,probably_damaging(0.999),0.999
Gln767Arg,deleterious_low_confidence(0.01),0.99,probably_damaging(0.999),0.999
Val769Ile,deleterious_low_confidence(0),1.0,probably_damaging(0.999),0.999
Asn771Ser,tolerated_low_confidence(0.12),0.88,benign(0.024),0.024
Asn771Thr,deleterious_low_confidence(0.04),0.96,benign(0.24),0.24
Thr774Arg,deleterious_low_confidence(0),1.0,probably_damaging(1),1.0
His775Tyr,tolerated_low_confidence(0.08),0.92,benign(0.097),0.097
His775Leu,deleterious_low_confidence(0.03),0.97,benign(0.066),0.066
Ser776Leu,deleterious_low_confidence(0),1.0,benign(0.225),0.225
Gln779Lys,deleterious_low_confidence(0.01),0.99,benign(0.163),0.163
Gly780Asp,deleterious_low_confidence(0.01),0.99,benign(0.306),0.306
Gln781Glu,deleterious_low_confidence(0.01),0.99,benign(0.065),0.065
Gln781Arg,tolerated_low_confidence(0.51),0.49,benign(0.005),0.005
Gln781Pro,tolerated_low_confidence(0.25),0.75,benign(0),0.0
Asn782Asp,tolerated_low_confidence(0.29),0.71,benign(0.103),0.103
Asn782Lys,tolerated_low_confidence(0.35),0.65,benign(0.103),0.103
Ile783Val,tolerated_low_confidence(0.67),0.33,benign(0.001),0.001
Ile783Ser,tolerated_low_confidence(0.88),0.12,benign(0.051),0.051
His784Asp,tolerated_low_confidence(0.11),0.89,benign(0.051),0.051
Arg785Gly,tolerated_low_confidence(0.09),0.91,benign(0),0.0
Arg785Leu,tolerated_low_confidence(0.38),0.62,benign(0.103),0.103
Arg785Pro,deleterious_low_confidence(0.03),0.97,benign(0.251),0.251
Arg785Gln,tolerated_low_confidence(0.81),0.19,benign(0.003),0.003
Lys786Met,tolerated_low_confidence(0.07),0.93,benign(0.04),0.04
Lys786Asn,tolerated_low_confidence(0.12),0.88,benign(0.148),0.148
Thr787Lys,tolerated_low_confidence(0.77),0.23,benign(0.062),0.062
Thr788Ile,tolerated_low_confidence(0.05),0.95,benign(0.066),0.066
Ala789Val,tolerated_low_confidence(0.15),0.85,benign(0.007),0.007
Ser790Cys,deleterious_low_confidence(0.01),0.99,possibly_damaging(0.767),0.767
Arg792Leu,deleterious_low_confidence(0),1.0,possibly_damaging(0.532),0.532
Arg792Gln,deleterious_low_confidence(0),1.0,possibly_damaging(0.862),0.862
Lys793Glu,deleterious_low_confidence(0),1.0,possibly_damaging(0.742),0.742
Lys793Thr,deleterious_low_confidence(0),1.0,probably_damaging(0.928),0.928
Lys793Arg,tolerated_low_confidence(0.11),0.89,benign(0.27),0.27
Lys793Asn,deleterious_low_confidence(0.01),0.99,possibly_damaging(0.904),0.904
Val794Leu,tolerated_low_confidence(1),0.0,benign(0),0.0
Val794Met,tolerated_low_confidence(0.82),0.18,benign(0.001),0.001
Val794Glu,deleterious_low_confidence(0),1.0,benign(0.097),0.097
Leu796Gln,deleterious_low_confidence(0),1.0,possibly_damaging(0.729),0.729
Leu796Pro,deleterious_low_confidence(0),1.0,possibly_damaging(0.846),0.846
Ala797Ser,tolerated_low_confidence(0.08),0.92,benign(0.009),0.009
Ala797Gly,deleterious_low_confidence(0.04),0.96,benign(0.005),0.005
Pro798Ser,deleterious_low_confidence(0.02),0.98,benign(0.268),0.268
Pro798Arg,deleterious_low_confidence(0),1.0,probably_damaging(0.954),0.954
Pro798Leu,deleterious_low_confidence(0),1.0,probably_damaging(0.933),0.933
Gln799Lys,deleterious_low_confidence(0),1.0,benign(0.093),0.093
Gln799Arg,deleterious_low_confidence(0.01),0.99,benign(0.013),0.013
Ala800Glu,deleterious_low_confidence(0.03),0.97,benign(0.003),0.003
Ala800Val,deleterious_low_confidence(0.02),0.98,benign(0.04),0.04
Asn801Ile,deleterious_low_confidence(0.03),0.97,possibly_damaging(0.663),0.663
Asn801Ser,tolerated_low_confidence(0.43),0.57,benign(0.013),0.013
Asn801Lys,tolerated_low_confidence(0.18),0.82,benign(0.013),0.013
Leu802Val,deleterious_low_confidence(0.02),0.98,possibly_damaging(0.51),0.51
Leu802Phe,tolerated_low_confidence(0.08),0.92,benign(0.049),0.049
Thr803Ser,tolerated_low_confidence(1),0.0,benign(0.001),0.001
Glu804Lys,deleterious_low_confidence(0),1.0,possibly_damaging(0.851),0.851
Glu804Val,deleterious_low_confidence(0),1.0,probably_damaging(0.915),0.915
Glu804Asp,tolerated_low_confidence(0.07),0.93,benign(0.078),0.078
Leu805Arg,tolerated_low_confidence(0.07),0.93,benign(0.059),0.059
Asp806His,deleterious_low_confidence(0),1.0,probably_damaging(1),1.0
Asp806Tyr,deleterious_low_confidence(0),1.0,probably_damaging(1),1.0
Asp806Gly,deleterious_low_confidence(0),1.0,probably_damaging(1),1.0
Asp806Glu,deleterious_low_confidence(0.01),0.99,probably_damaging(0.999),0.999
Ile807Val,deleterious_low_confidence(0.04),0.96,benign(0.12),0.12
Ile807Thr,deleterious_low_confidence(0),1.0,probably_damaging(0.914),0.914
Tyr808Phe,deleterious_low_confidence(0.01),0.99,probably_damaging(0.999),0.999
Ser809Leu,deleterious_low_confidence(0),1.0,possibly_damaging(0.526),0.526
Arg810Gly,deleterious_low_confidence(0),1.0,probably_damaging(0.999),0.999
Arg810Lys,deleterious_low_confidence(0),1.0,probably_damaging(0.998),0.998
Arg810Ser,deleterious_low_confidence(0),1.0,probably_damaging(0.999),0.999
Arg811Ser,deleterious_low_confidence(0),1.0,probably_damaging(0.971),0.971
Leu812Ile,deleterious_low_confidence(0),1.0,probably_damaging(0.996),0.996
Ser813Pro,deleterious_low_confidence(0),1.0,probably_damaging(1),1.0
Ser813Phe,deleterious_low_confidence(0),1.0,probably_damaging(1),1.0
Thr816Pro,deleterious_low_confidence(0),1.0,benign(0.12),0.12
Gly817Val,tolerated_low_confidence(1),0.0,benign(0.001),0.001
Leu818Val,tolerated_low_confidence(0.2),0.8,benign(0.013),0.013
Leu818Trp,deleterious_low_confidence(0.01),0.99,possibly_damaging(0.846),0.846
Ile820Val,deleterious_low_confidence(0.03),0.97,benign(0.049),0.049
Ile820Leu,deleterious_low_confidence(0.02),0.98,benign(0.293),0.293
Ser821Asn,deleterious_low_confidence(0.05),0.95,benign(0.044),0.044
Glu823Asp,tolerated_low_confidence(0.41),0.59,benign(0.077),0.077
Ile824Val,tolerated_low_confidence(0.87),0.13,benign(0.014),0.014
Ile824Asn,deleterious_low_confidence(0),1.0,probably_damaging(0.938),0.938
Ile824Met,tolerated_low_confidence(0.17),0.83,possibly_damaging(0.793),0.793
Asn825Ile,deleterious_low_confidence(0),1.0,probably_damaging(0.982),0.982
Asn825Ser,tolerated_low_confidence(0.09),0.91,possibly_damaging(0.835),0.835
Glu827Lys,deleterious_low_confidence(0.02),0.98,benign(0.41),0.41
Asp828Asn,tolerated_low_confidence(0.08),0.92,benign(0.178),0.178
Asp828Gly,deleterious_low_confidence(0),1.0,possibly_damaging(0.769),0.769
Asp828Val,deleterious_low_confidence(0),1.0,possibly_damaging(0.853),0.853
Lys830Glu,tolerated_low_confidence(0.83),0.17,benign(0.034),0.034
Lys830Arg,tolerated_low_confidence(0.11),0.89,benign(0.033),0.033
Glu831Asp,tolerated_low_confidence(0.07),0.93,benign(0.019),0.019
Cys832Gly,deleterious_low_confidence(0.01),0.99,possibly_damaging(0.806),0.806
Cys832Tyr,deleterious_low_confidence(0.01),0.99,benign(0.065),0.065
Phe834Ser,tolerated_low_confidence(0.45),0.55,benign(0.051),0.051
Phe834Leu,tolerated_low_confidence(0.68),0.32,benign(0),0.0
Asp835Asn,deleterious_low_confidence(0),1.0,probably_damaging(1),1.0
Asp835Tyr,deleterious_low_confidence(0),1.0,probably_damaging(1),1.0
Asp836Tyr,deleterious_low_confidence(0),1.0,probably_damaging(0.987),0.987
Met837Thr,tolerated_low_confidence(0.6),0.4,benign(0.001),0.001
Met837Ile,tolerated_low_confidence(0.35),0.65,benign(0),0.0
Glu838Lys,deleterious_low_confidence(0.04),0.96,benign(0.286),0.286
Glu838Gly,deleterious_low_confidence(0.04),0.96,benign(0.286),0.286
Ser839Arg,deleterious_low_confidence(0.03),0.97,benign(0.148),0.148
Ser839Gly,tolerated_low_confidence(0.06),0.94,benign(0),0.0
Ser839Asn,tolerated_low_confidence(1),0.0,benign(0.001),0.001
Ile840Thr,tolerated_low_confidence(0.13),0.87,benign(0.009),0.009
Pro841Arg,tolerated_low_confidence(0.37),0.63,possibly_damaging(0.488),0.488
Val843Glu,deleterious_low_confidence(0.01),0.99,probably_damaging(0.91),0.91
Thr844Pro,deleterious_low_confidence(0),1.0,probably_damaging(1),1.0
Thr844Ile,deleterious_low_confidence(0),1.0,probably_damaging(1),1.0
Thr845Pro,deleterious_low_confidence(0),1.0,possibly_damaging(0.904),0.904
Trp846Cys,deleterious_low_confidence(0),1.0,probably_damaging(1),1.0
Asn847Ser,tolerated_low_confidence(0.5),0.5,benign(0.26),0.26
Thr848Arg,deleterious_low_confidence(0),1.0,probably_damaging(1),1.0
Tyr849Asn,deleterious_low_confidence(0),1.0,probably_damaging(1),1.0
Tyr849Cys,deleterious_low_confidence(0.01),0.99,probably_damaging(1),1.0
Leu850Arg,deleterious_low_confidence(0),1.0,probably_damaging(0.963),0.963
Arg851Gln,deleterious_low_confidence(0),1.0,probably_damaging(0.998),0.998
Arg851Leu,deleterious_low_confidence(0),1.0,probably_damaging(0.998),0.998
Tyr852Phe,deleterious_low_confidence(0.01),0.99,benign(0.079),0.079
Ile853Val,tolerated_low_confidence(0.7),0.3,benign(0),0.0
Ile853Phe,tolerated_low_confidence(0.07),0.93,benign(0.003),0.003
Ile853Thr,deleterious_low_confidence(0),1.0,benign(0.062),0.062
Thr854Ala,deleterious_low_confidence(0.01),0.99,benign(0.003),0.003
Thr854Ile,deleterious_low_confidence(0.01),0.99,benign(0.189),0.189
Thr854Met,deleterious_low_confidence(0.01),0.99,possibly_damaging(0.559),0.559
Val855Ile,tolerated_low_confidence(0.49),0.51,benign(0),0.0
His856Leu,deleterious_low_confidence(0),1.0,benign(0.385),0.385
Lys857Arg,tolerated_low_confidence(0.63),0.37,benign(0.007),0.007
Lys857Asn,deleterious_low_confidence(0),1.0,possibly_damaging(0.462),0.462
Ser858Asn,tolerated_low_confidence(0.81),0.19,benign(0.001),0.001
Leu859Phe,deleterious_low_confidence(0.03),0.97,benign(0.124),0.124
Ile860Val,tolerated_low_confidence(0.83),0.17,benign(0),0.0
Ile860Thr,tolerated_low_confidence(0.1),0.9,benign(0.006),0.006
Val862Met,deleterious_low_confidence(0),1.0,probably_damaging(0.988),0.988
Trp865Leu,tolerated_low_confidence(0.32),0.68,benign(0.006),0.006
Cys866Arg,deleterious_low_confidence(0),1.0,probably_damaging(0.982),0.982
Cys866Phe,deleterious_low_confidence(0.01),0.99,probably_damaging(0.964),0.964
Cys866Trp,deleterious_low_confidence(0),1.0,probably_damaging(0.994),0.994
Ile869Val,tolerated_low_confidence(1),0.0,benign(0.007),0.007
Ile869Ser,deleterious_low_confidence(0.01),0.99,possibly_damaging(0.712),0.712
Ala872Thr,deleterious_low_confidence(0.01),0.99,benign(0.147),0.147
Ala872Glu,deleterious_low_confidence(0),1.0,possibly_damaging(0.496),0.496
Glu873Lys,deleterious_low_confidence(0),1.0,probably_damaging(0.995),0.995
Glu873Ala,deleterious_low_confidence(0),1.0,probably_damaging(0.992),0.992
Val874Met,deleterious_low_confidence(0),1.0,probably_damaging(0.994),0.994
Ala875Thr,deleterious_low_confidence(0.03),0.97,benign(0.437),0.437
Ala875Pro,deleterious_low_confidence(0.01),0.99,possibly_damaging(0.838),0.838
Ala875Ser,tolerated_low_confidence(0.07),0.93,benign(0.183),0.183
Ala875Val,tolerated_low_confidence(0.08),0.92,benign(0.04),0.04
Ala876Ser,tolerated_low_confidence(0.18),0.82,benign(0.097),0.097
Ala876Pro,tolerated_low_confidence(0.13),0.87,possibly_damaging(0.712),0.712
Ala876Thr,deleterious_low_confidence(0.03),0.97,benign(0.286),0.286
Ala876Val,tolerated_low_confidence(0.17),0.83,benign(0.012),0.012
Ser877Thr,deleterious_low_confidence(0.02),0.98,possibly_damaging(0.496),0.496
Ser877Ala,deleterious_low_confidence(0.03),0.97,benign(0.314),0.314
Ser877Cys,deleterious_low_confidence(0.02),0.98,benign(0.033),0.033
Leu878Phe,tolerated_low_confidence(0.12),0.88,possibly_damaging(0.71),0.71
Val879Leu,tolerated_low_confidence(0.4),0.6,benign(0.001),0.001
Val879Asp,tolerated_low_confidence(0.06),0.94,benign(0.437),0.437
Val879Ala,tolerated_low_confidence(0.33),0.67,benign(0.001),0.001
Leu881Pro,deleterious_low_confidence(0.03),0.97,possibly_damaging(0.846),0.846
Leu881Gln,deleterious_low_confidence(0.04),0.96,possibly_damaging(0.881),0.881
Gly885Glu,tolerated_low_confidence(0.69),0.31,benign(0),0.0
Asn886Asp,tolerated_low_confidence(1),0.0,benign(0),0.0
Thr887Pro,tolerated_low_confidence(0.22),0.78,benign(0.003),0.003
Pro888Ser,tolerated_low_confidence(0.69),0.31,benign(0),0.0
Pro888His,tolerated_low_confidence(0.48),0.52,benign(0.431),0.431
Pro888Arg,tolerated_low_confidence(0.4),0.6,benign(0.001),0.001
Leu889Phe,tolerated_low_confidence(0.71),0.29,benign(0.001),0.001
Gln890Lys,tolerated_low_confidence(0.69),0.31,benign(0.001),0.001
Gln890Arg,tolerated_low_confidence(0.81),0.19,benign(0.001),0.001
Asp891Asn,tolerated_low_confidence(0.37),0.63,benign(0),0.0
Asp891Gly,tolerated_low_confidence(0.08),0.92,benign(0),0.0
Asp891Glu,tolerated_low_confidence(0.59),0.41,benign(0.001),0.001
Gly893Arg,tolerated_low_confidence(0.39),0.61,benign(0.075),0.075
Gly893Val,tolerated_low_confidence(0.53),0.47,benign(0.001),0.001
Gly893Glu,tolerated_low_confidence(0.36),0.64,benign(0.001),0.001
Asn894Tyr,deleterious_low_confidence(0),1.0,possibly_damaging(0.518),0.518
Asn894Thr,tolerated_low_confidence(0.07),0.93,benign(0.009),0.009
Asn894Ser,tolerated_low_confidence(0.14),0.86,benign(0.065),0.065
Ser895Gly,tolerated_low_confidence(0.14),0.86,benign(0),0.0
Ser895Asn,tolerated_low_confidence(0.48),0.52,benign(0.001),0.001
Ser895Thr,tolerated_low_confidence(0.31),0.69,benign(0.001),0.001
Thr896Ala,tolerated_low_confidence(0.15),0.85,benign(0.007),0.007
Thr896Ile,deleterious_low_confidence(0.03),0.97,benign(0.007),0.007
His897Tyr,tolerated_low_confidence(0.06),0.94,benign(0),0.0
Ser898Gly,tolerated_low_confidence(0.12),0.88,benign(0),0.0
Arg899Gly,tolerated_low_confidence(0.29),0.71,benign(0),0.0
Asn900Lys,tolerated_low_confidence(0.21),0.79,benign(0.161),0.161
Asn901Ile,deleterious_low_confidence(0.05),0.95,benign(0.06),0.06
Ser902Thr,tolerated_low_confidence(0.29),0.71,benign(0.01),0.01
Ser902Arg,deleterious_low_confidence(0.03),0.97,possibly_damaging(0.522),0.522
Tyr903Cys,tolerated_low_confidence(0.11),0.89,possibly_damaging(0.5),0.5
Val905Leu,deleterious_low_confidence(0),1.0,benign(0.265),0.265
Ile906Asn,deleterious_low_confidence(0.01),0.99,probably_damaging(0.916),0.916
Ile906Thr,deleterious_low_confidence(0.03),0.97,benign(0.206),0.206
Ile907Val,tolerated_low_confidence(1),0.0,benign(0.003),0.003
Ile907Asn,deleterious_low_confidence(0),1.0,possibly_damaging(0.783),0.783
Thr908Ser,deleterious_low_confidence(0.02),0.98,probably_damaging(0.999),0.999
Thr908Asn,deleterious_low_confidence(0),1.0,probably_damaging(1),1.0
Ser909Gly,deleterious_low_confidence(0.02),0.98,benign(0.042),0.042
Thr910Ser,deleterious_low_confidence(0.05),0.95,benign(0.127),0.127
Ser911Asn,deleterious_low_confidence(0),1.0,probably_damaging(0.995),0.995
Ser911Thr,deleterious_low_confidence(0),1.0,probably_damaging(0.989),0.989
Ser911Arg,deleterious_low_confidence(0),1.0,probably_damaging(0.986),0.986
Ser912Thr,tolerated_low_confidence(0.13),0.87,benign(0.003),0.003
Ser912Trp,deleterious_low_confidence(0.01),0.99,possibly_damaging(0.574),0.574
Tyr913His,deleterious_low_confidence(0),1.0,benign(0.288),0.288
Val915Leu,deleterious_low_confidence(0.03),0.97,benign(0.001),0.001
Ile918Leu,deleterious_low_confidence(0),1.0,probably_damaging(0.999),0.999
Ile918Phe,deleterious_low_confidence(0),1.0,probably_damaging(1),1.0
Ile918Val,deleterious_low_confidence(0),1.0,probably_damaging(0.999),0.999
Ile918Met,deleterious_low_confidence(0),1.0,probably_damaging(1),1.0
Tyr919Asn,deleterious_low_confidence(0),1.0,probably_damaging(0.99),0.99
Tyr919Cys,deleterious_low_confidence(0),1.0,probably_damaging(0.993),0.993
Val920Leu,deleterious_low_confidence(0),1.0,possibly_damaging(0.83),0.83
Val920Met,deleterious_low_confidence(0.01),0.99,probably_damaging(0.993),0.993
Val920Ala,deleterious_low_confidence(0.02),0.98,possibly_damaging(0.739),0.739
Val920Gly,deleterious_low_confidence(0),1.0,probably_damaging(0.985),0.985
Gly921Val,deleterious_low_confidence(0.01),0.99,probably_damaging(0.945),0.945
Gly921Glu,deleterious_low_confidence(0),1.0,probably_damaging(0.971),0.971
Val922Ile,tolerated_low_confidence(0.08),0.92,benign(0.009),0.009
Val922Leu,tolerated_low_confidence(0.11),0.89,benign(0.009),0.009
Ala923Asp,deleterious_low_confidence(0),1.0,probably_damaging(0.91),0.91
Asp924Asn,deleterious_low_confidence(0),1.0,probably_damaging(0.915),0.915
Asp924His,deleterious_low_confidence(0),1.0,probably_damaging(0.987),0.987
Asp924Glu,tolerated_low_confidence(0.74),0.26,benign(0.169),0.169
Thr925Ala,deleterious_low_confidence(0),1.0,benign(0.059),0.059
Thr925Asn,deleterious_low_confidence(0),1.0,benign(0.208),0.208
Thr925Ile,deleterious_low_confidence(0),1.0,possibly_damaging(0.54),0.54
Thr925Ser,tolerated_low_confidence(1),0.0,benign(0.003),0.003
Leu926Ser,deleterious_low_confidence(0),1.0,possibly_damaging(0.712),0.712
Leu926Phe,tolerated_low_confidence(0.11),0.89,benign(0.027),0.027
Leu927Phe,deleterious_low_confidence(0.03),0.97,benign(0.08),0.08
Leu927Pro,deleterious_low_confidence(0),1.0,probably_damaging(0.97),0.97
Met929Ile,deleterious_low_confidence(0),1.0,benign(0.017),0.017
Phe931Leu,tolerated_low_confidence(0.3),0.7,benign(0.001),0.001
Arg933Gly,deleterious_low_confidence(0),1.0,probably_damaging(1),1.0
Arg933Ser,deleterious_low_confidence(0),1.0,probably_damaging(1),1.0
Gly934Ser,deleterious_low_confidence(0),1.0,probably_damaging(1),1.0
Gly934Val,deleterious_low_confidence(0),1.0,probably_damaging(1),1.0
Gly934Asp,deleterious_low_confidence(0),1.0,probably_damaging(1),1.0
Pro936Ser,deleterious_low_confidence(0),1.0,probably_damaging(1),1.0
Pro936Thr,deleterious_low_confidence(0),1.0,probably_damaging(0.999),0.999
Pro936Leu,deleterious_low_confidence(0),1.0,probably_damaging(0.998),0.998
Pro936Arg,deleterious_low_confidence(0),1.0,probably_damaging(1),1.0
Leu937Val,deleterious_low_confidence(0),1.0,probably_damaging(0.946),0.946
Leu937Pro,deleterious_low_confidence(0),1.0,probably_damaging(0.996),0.996
Val938Met,deleterious_low_confidence(0.01),0.99,probably_damaging(0.961),0.961
Val938Leu,deleterious_low_confidence(0),1.0,probably_damaging(0.946),0.946
Val938Gly,deleterious_low_confidence(0),1.0,probably_damaging(0.992),0.992
His939Asp,deleterious_low_confidence(0),1.0,probably_damaging(0.988),0.988
His939Arg,deleterious_low_confidence(0.01),0.99,probably_damaging(0.988),0.988
Thr940Ala,deleterious_low_confidence(0.01),0.99,benign(0.129),0.129
Thr940Ile,deleterious_low_confidence(0),1.0,benign(0.065),0.065
Thr940Ser,tolerated_low_confidence(0.07),0.93,benign(0.046),0.046
Leu941Pro,deleterious_low_confidence(0),1.0,probably_damaging(0.995),0.995
Val944Leu,deleterious_low_confidence(0),1.0,benign(0.177),0.177
Val944Met,deleterious_low_confidence(0),1.0,possibly_damaging(0.789),0.789
Val944Ala,tolerated_low_confidence(0.08),0.92,benign(0.015),0.015
Val944Glu,deleterious_low_confidence(0),1.0,possibly_damaging(0.645),0.645
Ser945Leu,deleterious_low_confidence(0),1.0,probably_damaging(0.981),0.981
Lys946Gln,deleterious_low_confidence(0.03),0.97,possibly_damaging(0.881),0.881
Lys946Glu,deleterious_low_confidence(0.02),0.98,benign(0.265),0.265
Lys946Ile,deleterious_low_confidence(0),1.0,probably_damaging(0.955),0.955
Ile947Thr,tolerated_low_confidence(1),0.0,benign(0.001),0.001
Ile947Ser,tolerated_low_confidence(0.58),0.42,benign(0.106),0.106
Ile947Met,tolerated_low_confidence(0.09),0.91,possibly_damaging(0.548),0.548
Leu948Ser,deleterious_low_confidence(0),1.0,probably_damaging(1),1.0
Leu948Phe,deleterious_low_confidence(0),1.0,probably_damaging(1),1.0
His949Pro,deleterious_low_confidence(0),1.0,probably_damaging(1),1.0
His949Arg,deleterious_low_confidence(0),1.0,probably_damaging(1),1.0
His949Leu,deleterious_low_confidence(0),1.0,probably_damaging(1),1.0
His950Tyr,deleterious_low_confidence(0),1.0,benign(0.159),0.159
Lys951Glu,deleterious_low_confidence(0.02),0.98,benign(0.267),0.267
Lys951Thr,deleterious_low_confidence(0),1.0,benign(0.13),0.13
Met952Val,deleterious_low_confidence(0),1.0,probably_damaging(0.933),0.933
Met952Arg,deleterious_low_confidence(0),1.0,probably_damaging(0.96),0.96
Met952Thr,deleterious_low_confidence(0),1.0,probably_damaging(0.967),0.967
Leu953Ser,deleterious_low_confidence(0),1.0,probably_damaging(0.969),0.969
His954Tyr,tolerated_low_confidence(0.11),0.89,benign(0.009),0.009
His954Arg,tolerated_low_confidence(0.1),0.9,benign(0.009),0.009
His954Pro,deleterious_low_confidence(0.02),0.98,possibly_damaging(0.522),0.522
Ser955Ala,tolerated_low_confidence(1),0.0,benign(0.007),0.007
Val956Ile,tolerated_low_confidence(0.09),0.91,benign(0.049),0.049
Leu957Phe,deleterious_low_confidence(0),1.0,probably_damaging(0.98),0.98
Ala959Thr,deleterious_low_confidence(0.01),0.99,probably_damaging(0.963),0.963
Ala959Val,deleterious_low_confidence(0),1.0,probably_damaging(0.963),0.963
Pro960Ser,deleterious_low_confidence(0),1.0,probably_damaging(1),1.0
Pro960Leu,deleterious_low_confidence(0),1.0,probably_damaging(1),1.0
Met961Val,deleterious_low_confidence(0.02),0.98,benign(0.027),0.027
Met961Leu,deleterious_low_confidence(0),1.0,benign(0.081),0.081
Met961Thr,deleterious_low_confidence(0),1.0,possibly_damaging(0.482),0.482
Ser962Leu,deleterious_low_confidence(0.01),0.99,possibly_damaging(0.621),0.621
Leu964Phe,tolerated_low_confidence(0.33),0.67,benign(0.027),0.027
Asn965Asp,deleterious_low_confidence(0),1.0,possibly_damaging(0.482),0.482
Asn965Ser,deleterious_low_confidence(0.03),0.97,benign(0.046),0.046
Asn965Ile,deleterious_low_confidence(0),1.0,benign(0.265),0.265
Asn965Lys,deleterious_low_confidence(0),1.0,possibly_damaging(0.565),0.565
Thr966Pro,deleterious_low_confidence(0),1.0,possibly_damaging(0.641),0.641
Thr966Met,deleterious_low_confidence(0.02),0.98,benign(0.078),0.078
Lys968Ile,deleterious_low_confidence(0),1.0,possibly_damaging(0.622),0.622
Lys968Asn,deleterious_low_confidence(0),1.0,possibly_damaging(0.63),0.63
Ala969Gly,deleterious_low_confidence(0.03),0.97,benign(0.402),0.402
Ala969Val,deleterious_low_confidence(0),1.0,benign(0.306),0.306
Gly970Ser,deleterious_low_confidence(0),1.0,probably_damaging(0.949),0.949
Gly970Arg,deleterious_low_confidence(0),1.0,probably_damaging(0.997),0.997
Gly970Asp,deleterious_low_confidence(0),1.0,probably_damaging(0.996),0.996
Ile972Val,deleterious_low_confidence(0.01),0.99,probably_damaging(0.999),0.999
Ile972Asn,deleterious_low_confidence(0),1.0,probably_damaging(1),1.0
Leu973Phe,deleterious_low_confidence(0),1.0,possibly_damaging(0.783),0.783
Leu973Pro,deleterious_low_confidence(0),1.0,probably_damaging(0.938),0.938
Asn974Ser,deleterious_low_confidence(0),1.0,probably_damaging(0.984),0.984
Phe976Val,deleterious_low_confidence(0),1.0,probably_damaging(0.978),0.978
Phe976Leu,deleterious_low_confidence(0),1.0,possibly_damaging(0.781),0.781
Ser977Ala,deleterious_low_confidence(0),1.0,benign(0.38),0.38
Ser977Pro,deleterious_low_confidence(0),1.0,possibly_damaging(0.806),0.806
Ser977Phe,deleterious_low_confidence(0),1.0,possibly_damaging(0.821),0.821
Lys978Arg,deleterious_low_confidence(0),1.0,probably_damaging(0.973),0.973
Asp979Tyr,deleterious_low_confidence(0),1.0,probably_damaging(0.997),0.997
Asp979Ala,deleterious_low_confidence(0),1.0,probably_damaging(0.996),0.996
Asp979Val,deleterious_low_confidence(0),1.0,probably_damaging(0.998),0.998
Asp979Gly,deleterious_low_confidence(0.01),0.99,probably_damaging(0.996),0.996
Ile980Val,deleterious_low_confidence(0.03),0.97,benign(0.005),0.005
Ile980Lys,deleterious_low_confidence(0),1.0,benign(0.148),0.148
Ala981Glu,deleterious_low_confidence(0),1.0,probably_damaging(0.995),0.995
Ala981Val,deleterious_low_confidence(0),1.0,probably_damaging(0.995),0.995
Ile982Thr,tolerated_low_confidence(0.85),0.15,benign(0.024),0.024
Ile982Met,deleterious_low_confidence(0),1.0,possibly_damaging(0.639),0.639
Asp984Asn,deleterious_low_confidence(0),1.0,possibly_damaging(0.879),0.879
Asp984Tyr,deleterious_low_confidence(0),1.0,probably_damaging(0.998),0.998
Asp984Val,deleterious_low_confidence(0),1.0,probably_damaging(0.998),0.998
Asp984Gly,deleterious_low_confidence(0),1.0,probably_damaging(0.991),0.991
Asp985Glu,deleterious_low_confidence(0),1.0,probably_damaging(0.984),0.984
Leu986Pro,deleterious_low_confidence(0),1.0,probably_damaging(0.909),0.909
Pro988Ser,deleterious_low_confidence(0),1.0,probably_damaging(0.998),0.998
Pro988Leu,deleterious_low_confidence(0),1.0,probably_damaging(0.986),0.986
Leu989Phe,deleterious_low_confidence(0.02),0.98,probably_damaging(0.981),0.981
Ile991Val,tolerated_low_confidence(0.37),0.63,benign(0.019),0.019
Ile991Met,tolerated_low_confidence(0.35),0.65,benign(0.097),0.097
Phe992Val,deleterious_low_confidence(0),1.0,probably_damaging(0.999),0.999
Phe992Leu,deleterious_low_confidence(0),1.0,probably_damaging(0.996),0.996
Asp993Asn,deleterious_low_confidence(0),1.0,possibly_damaging(0.9),0.9
Asp993Tyr,deleterious_low_confidence(0),1.0,probably_damaging(0.998),0.998
Asp993Gly,deleterious_low_confidence(0),1.0,probably_damaging(0.992),0.992
Asp993Ala,deleterious_low_confidence(0),1.0,probably_damaging(0.993),0.993
Phe994Cys,deleterious_low_confidence(0),1.0,probably_damaging(0.931),0.931
Phe994Leu,tolerated_low_confidence(0.76),0.24,benign(0.009),0.009
Ile995Asn,deleterious_low_confidence(0),1.0,possibly_damaging(0.732),0.732
Leu998Ile,tolerated_low_confidence(0.76),0.24,benign(0.007),0.007
Leu998Phe,tolerated_low_confidence(0.1),0.9,benign(0.377),0.377
Val1001Met,deleterious_low_confidence(0),1.0,probably_damaging(0.996),0.996
Ile1002Phe,deleterious_low_confidence(0),1.0,benign(0.009),0.009
Ile1002Thr,tolerated_low_confidence(0.38),0.62,benign(0.015),0.015
Gly1003Arg,deleterious_low_confidence(0),1.0,probably_damaging(1),1.0
Gly1003Glu,deleterious_low_confidence(0),1.0,probably_damaging(1),1.0
Ile1005Val,tolerated_low_confidence(0.13),0.87,benign(0.03),0.03
Ile1005Thr,deleterious_low_confidence(0),1.0,possibly_damaging(0.706),0.706
Val1008Leu,deleterious_low_confidence(0.01),0.99,possibly_damaging(0.874),0.874
Val1008Asp,deleterious_low_confidence(0),1.0,probably_damaging(0.986),0.986
Ala1009Ser,tolerated_low_confidence(1),0.0,benign(0),0.0
Ala1009Pro,deleterious_low_confidence(0),1.0,benign(0.32),0.32
Ala1009Thr,deleterious_low_confidence(0.03),0.97,benign(0.103),0.103
Val1010Gly,deleterious_low_confidence(0),1.0,benign(0.04),0.04
Gln1012Lys,tolerated_low_confidence(0.08),0.92,benign(0.005),0.005
Gln1012Arg,tolerated_low_confidence(1),0.0,benign(0.001),0.001
Pro1013Thr,deleterious_low_confidence(0),1.0,probably_damaging(1),1.0
Pro1013Ser,deleterious_low_confidence(0),1.0,probably_damaging(1),1.0
Pro1013His,deleterious_low_confidence(0),1.0,probably_damaging(1),1.0
Tyr1014Cys,deleterious_low_confidence(0),1.0,probably_damaging(1),1.0
Ile1015Val,deleterious_low_confidence(0.01),0.99,possibly_damaging(0.651),0.651
Ile1015Asn,deleterious_low_confidence(0.01),0.99,probably_damaging(0.95),0.95
Phe1016Ser,deleterious_low_confidence(0),1.0,probably_damaging(0.915),0.915
Val1017Leu,tolerated_low_confidence(1),0.0,benign(0),0.0
Pro1021Ser,deleterious_low_confidence(0),1.0,probably_damaging(1),1.0
Pro1021Thr,deleterious_low_confidence(0),1.0,probably_damaging(0.999),0.999
Pro1021Leu,deleterious_low_confidence(0),1.0,probably_damaging(0.998),0.998
Val1022Met,deleterious_low_confidence(0.01),0.99,possibly_damaging(0.881),0.881
Val1022Leu,tolerated_low_confidence(1),0.0,benign(0.031),0.031
Val1022Ala,deleterious_low_confidence(0.01),0.99,benign(0.421),0.421
Val1022Gly,deleterious_low_confidence(0.04),0.96,benign(0.031),0.031
Ile1023Thr,tolerated_low_confidence(0.25),0.75,benign(0.24),0.24
Ile1023Arg,tolerated_low_confidence(0.08),0.92,possibly_damaging(0.748),0.748
Val1024Met,deleterious_low_confidence(0.03),0.97,possibly_damaging(0.461),0.461
Val1024Glu,deleterious_low_confidence(0),1.0,benign(0.255),0.255
Ala1025Ser,deleterious_low_confidence(0.05),0.95,benign(0.024),0.024
Ala1025Thr,tolerated_low_confidence(0.08),0.92,benign(0.007),0.007
Phe1026Val,deleterious_low_confidence(0),1.0,probably_damaging(0.982),0.982
Phe1026Ser,deleterious_low_confidence(0.01),0.99,probably_damaging(0.991),0.991
Ile1027Thr,deleterious_low_confidence(0),1.0,benign(0.208),0.208
Met1028Thr,deleterious_low_confidence(0.01),0.99,benign(0.003),0.003
Met1028Arg,deleterious_low_confidence(0),1.0,benign(0.173),0.173
Leu1029Met,tolerated_low_confidence(0.15),0.85,possibly_damaging(0.74),0.74
Leu1029Phe,deleterious_low_confidence(0.01),0.99,probably_damaging(0.988),0.988
Ala1031Gly,tolerated_low_confidence(0.12),0.88,benign(0.001),0.001
Tyr1032Cys,deleterious_low_confidence(0),1.0,probably_damaging(1),1.0
Phe1033Leu,deleterious_low_confidence(0),1.0,probably_damaging(0.999),0.999
Leu1034Phe,deleterious_low_confidence(0),1.0,probably_damaging(1),1.0
Leu1034Pro,deleterious_low_confidence(0),1.0,probably_damaging(1),1.0
Leu1034Arg,deleterious_low_confidence(0.01),0.99,probably_damaging(0.983),0.983
Thr1036Ala,deleterious_low_confidence(0),1.0,probably_damaging(0.996),0.996
Thr1036Asn,deleterious_low_confidence(0),1.0,probably_damaging(0.998),0.998
Thr1036Ile,deleterious_low_confidence(0),1.0,probably_damaging(0.999),0.999
Gln1038Arg,deleterious_low_confidence(0.01),0.99,probably_damaging(0.917),0.917
Gln1038His,deleterious_low_confidence(0),1.0,probably_damaging(0.999),0.999
Leu1040Ile,deleterious_low_confidence(0),1.0,probably_damaging(0.999),0.999
Leu1040Phe,deleterious_low_confidence(0),1.0,probably_damaging(1),1.0
Leu1040Pro,deleterious_low_confidence(0),1.0,probably_damaging(1),1.0
Lys1041Gln,deleterious_low_confidence(0),1.0,probably_damaging(1),1.0
Lys1041Arg,deleterious_low_confidence(0.01),0.99,probably_damaging(0.999),0.999
Gln1042Lys,deleterious_low_confidence(0.01),0.99,probably_damaging(0.94),0.94
Gln1042Arg,deleterious_low_confidence(0),1.0,possibly_damaging(0.516),0.516
Leu1043Val,deleterious_low_confidence(0),1.0,probably_damaging(0.997),0.997
Leu1043Gln,deleterious_low_confidence(0),1.0,probably_damaging(1),1.0
Glu1044Gly,deleterious_low_confidence(0),1.0,probably_damaging(1),1.0
Ser1045Phe,deleterious_low_confidence(0),1.0,probably_damaging(0.982),0.982
Ser1045Tyr,deleterious_low_confidence(0),1.0,probably_damaging(0.982),0.982
Glu1046Ala,deleterious_low_confidence(0.01),0.99,benign(0.311),0.311
Glu1046Asp,deleterious_low_confidence(0),1.0,possibly_damaging(0.801),0.801
Gly1047Cys,deleterious_low_confidence(0),1.0,possibly_damaging(0.874),0.874
Gly1047Arg,deleterious_low_confidence(0),1.0,possibly_damaging(0.789),0.789
Gly1047Ser,deleterious_low_confidence(0.01),0.99,benign(0.13),0.13
Ser1049Asn,deleterious_low_confidence(0),1.0,possibly_damaging(0.801),0.801
Pro1050Thr,deleterious_low_confidence(0.01),0.99,probably_damaging(1),1.0
Pro1050Ala,deleterious_low_confidence(0),1.0,probably_damaging(1),1.0
Ile1051Val,deleterious_low_confidence(0),1.0,probably_damaging(0.937),0.937
Phe1052Ser,deleterious_low_confidence(0),1.0,probably_damaging(0.999),0.999
Thr1053Ser,tolerated_low_confidence(1),0.0,benign(0.036),0.036
Thr1053Ile,deleterious_low_confidence(0),1.0,possibly_damaging(0.842),0.842
His1054Asp,deleterious_low_confidence(0),1.0,probably_damaging(0.999),0.999
His1054Tyr,deleterious_low_confidence(0.01),0.99,probably_damaging(0.996),0.996
His1054Leu,deleterious_low_confidence(0),1.0,probably_damaging(0.997),0.997
His1054Gln,deleterious_low_confidence(0),1.0,probably_damaging(0.999),0.999
Leu1055Phe,deleterious_low_confidence(0),1.0,probably_damaging(1),1.0
Val1056Ala,deleterious_low_confidence(0),1.0,benign(0.209),0.209
Thr1057Ala,tolerated_low_confidence(0.08),0.92,possibly_damaging(0.785),0.785
Thr1057Ile,tolerated_low_confidence(0.83),0.17,benign(0.127),0.127
Ser1058Thr,deleterious_low_confidence(0.03),0.97,probably_damaging(0.972),0.972
Lys1060Glu,deleterious_low_confidence(0),1.0,possibly_damaging(0.636),0.636
Lys1060Thr,deleterious_low_confidence(0),1.0,possibly_damaging(0.886),0.886
Leu1062Pro,deleterious_low_confidence(0),1.0,probably_damaging(1),1.0
Thr1064Ala,deleterious_low_confidence(0),1.0,probably_damaging(0.999),0.999
Thr1064Pro,deleterious_low_confidence(0),1.0,probably_damaging(1),1.0
Leu1065Val,tolerated_low_confidence(0.07),0.93,benign(0.179),0.179
Arg1066Ser,deleterious_low_confidence(0),1.0,probably_damaging(0.998),0.998
Ala1067Pro,deleterious_low_confidence(0),1.0,probably_damaging(1),1.0
Ala1067Gly,deleterious_low_confidence(0.02),0.98,probably_damaging(0.999),0.999
Phe1068Val,deleterious_low_confidence(0),1.0,probably_damaging(0.938),0.938
Gly1069Arg,deleterious_low_confidence(0.01),0.99,benign(0.258),0.258
Gln1071His,deleterious_low_confidence(0),1.0,probably_damaging(0.999),0.999
Pro1072Ser,tolerated_low_confidence(0.34),0.66,benign(0.024),0.024
Pro1072His,deleterious_low_confidence(0),1.0,possibly_damaging(0.899),0.899
Tyr1073Cys,deleterious_low_confidence(0),1.0,probably_damaging(1),1.0
Phe1074Leu,deleterious_low_confidence(0),1.0,probably_damaging(0.999),0.999
Thr1076Pro,deleterious_low_confidence(0),1.0,possibly_damaging(0.789),0.789
Thr1076Ala,deleterious_low_confidence(0.05),0.95,benign(0.015),0.015
Leu1077Val,deleterious_low_confidence(0),1.0,probably_damaging(0.999),0.999
Phe1078Ser,deleterious_low_confidence(0),1.0,probably_damaging(1),1.0
His1079Tyr,deleterious_low_confidence(0),1.0,probably_damaging(0.999),0.999
Lys1080Gln,deleterious_low_confidence(0),1.0,probably_damaging(0.998),0.998
Lys1080Arg,deleterious_low_confidence(0.01),0.99,probably_damaging(0.997),0.997
Lys1080Thr,deleterious_low_confidence(0),1.0,probably_damaging(0.998),0.998
Ala1081Pro,deleterious_low_confidence(0),1.0,probably_damaging(0.997),0.997
Ala1081Gly,deleterious_low_confidence(0),1.0,probably_damaging(0.984),0.984
Asn1083Asp,deleterious_low_confidence(0.02),0.98,probably_damaging(0.999),0.999
Asn1083Lys,deleterious_low_confidence(0),1.0,probably_damaging(1),1.0
His1085Pro,deleterious_low_confidence(0),1.0,probably_damaging(0.999),0.999
Thr1086Ser,deleterious_low_confidence(0.02),0.98,probably_damaging(0.996),0.996
Thr1086Ala,deleterious_low_confidence(0),1.0,probably_damaging(0.996),0.996
Thr1086Ile,deleterious_low_confidence(0),1.0,probably_damaging(0.999),0.999
Ala1087Pro,deleterious_low_confidence(0),1.0,probably_damaging(1),1.0
Asn1088Asp,deleterious_low_confidence(0.02),0.98,benign(0.306),0.306
Asn1088Ser,tolerated_low_confidence(0.13),0.87,benign(0.022),0.022
Trp1089Leu,deleterious_low_confidence(0),1.0,probably_damaging(0.998),0.998
Trp1089Cys,deleterious_low_confidence(0),1.0,probably_damaging(1),1.0
Phe1090Leu,deleterious_low_confidence(0.01),0.99,probably_damaging(0.996),0.996
Leu1091Phe,tolerated_low_confidence(0.06),0.94,possibly_damaging(0.904),0.904
Tyr1092His,deleterious_low_confidence(0),1.0,probably_damaging(0.999),0.999
Tyr1092Cys,deleterious_low_confidence(0),1.0,probably_damaging(0.977),0.977
Leu1093Val,deleterious_low_confidence(0),1.0,possibly_damaging(0.738),0.738
Leu1093Pro,deleterious_low_confidence(0),1.0,probably_damaging(0.981),0.981
Ser1094Pro,deleterious_low_confidence(0),1.0,probably_damaging(0.964),0.964
Ser1094Leu,deleterious_low_confidence(0),1.0,possibly_damaging(0.801),0.801
Thr1095Lys,deleterious_low_confidence(0),1.0,probably_damaging(0.985),0.985
Leu1096Arg,deleterious_low_confidence(0),1.0,probably_damaging(1),1.0
Arg1097Ser,deleterious_low_confidence(0),1.0,probably_damaging(0.999),0.999
Arg1097Cys,deleterious_low_confidence(0),1.0,probably_damaging(1),1.0
Arg1097Pro,deleterious_low_confidence(0),1.0,probably_damaging(1),1.0
Arg1097Leu,deleterious_low_confidence(0),1.0,probably_damaging(0.999),0.999
Arg1097His,deleterious_low_confidence(0),1.0,probably_damaging(1),1.0
Trp1098Gly,deleterious_low_confidence(0),1.0,probably_damaging(1),1.0
Trp1098Leu,deleterious_low_confidence(0),1.0,probably_damaging(1),1.0
Trp1098Ser,deleterious_low_confidence(0),1.0,probably_damaging(1),1.0
Trp1098Cys,deleterious_low_confidence(0),1.0,probably_damaging(1),1.0
Phe1099Leu,deleterious_low_confidence(0),1.0,probably_damaging(0.996),0.996
Gln1100Pro,deleterious_low_confidence(0.02),0.98,probably_damaging(0.963),0.963
Met1101Ile,deleterious_low_confidence(0.03),0.97,possibly_damaging(0.552),0.552
Arg1102Ser,deleterious_low_confidence(0.03),0.97,possibly_damaging(0.856),0.856
Ile1103Val,tolerated_low_confidence(0.12),0.88,benign(0.096),0.096
Ile1103Thr,deleterious_low_confidence(0.03),0.97,benign(0.272),0.272
Ile1103Arg,deleterious_low_confidence(0),1.0,possibly_damaging(0.639),0.639
Ile1103Met,deleterious_low_confidence(0.03),0.97,benign(0.059),0.059
Glu1104Lys,deleterious_low_confidence(0.01),0.99,possibly_damaging(0.482),0.482
Glu1104Val,deleterious_low_confidence(0),1.0,possibly_damaging(0.852),0.852
Met1105Arg,deleterious_low_confidence(0),1.0,possibly_damaging(0.518),0.518
Met1105Ile,tolerated_low_confidence(0.83),0.17,benign(0.001),0.001
Phe1107Leu,deleterious_low_confidence(0),1.0,probably_damaging(0.991),0.991
Val1108Ile,deleterious_low_confidence(0.01),0.99,possibly_damaging(0.739),0.739
Val1108Leu,deleterious_low_confidence(0),1.0,possibly_damaging(0.83),0.83
Ile1109Val,tolerated_low_confidence(0.45),0.55,benign(0.001),0.001
Ile1109Thr,deleterious_low_confidence(0.01),0.99,benign(0.005),0.005
Phe1110Cys,deleterious_low_confidence(0),1.0,probably_damaging(1),1.0
Phe1110Leu,deleterious_low_confidence(0),1.0,probably_damaging(0.996),0.996
Ile1112Val,tolerated_low_confidence(0.24),0.76,benign(0.013),0.013
Ile1112Ser,tolerated_low_confidence(0.52),0.48,benign(0.022),0.022
Ala1113Ser,deleterious_low_confidence(0.01),0.99,benign(0.437),0.437
Val1114Leu,deleterious_low_confidence(0.01),0.99,benign(0.105),0.105
Val1114Ile,tolerated_low_confidence(0.08),0.92,benign(0.027),0.027
Thr1115Ser,deleterious_low_confidence(0.03),0.97,benign(0.02),0.02
Phe1116Ser,deleterious_low_confidence(0),1.0,probably_damaging(0.995),0.995
Phe1116Leu,deleterious_low_confidence(0.01),0.99,possibly_damaging(0.789),0.789
Ile1117Val,tolerated_low_confidence(0.15),0.85,benign(0.049),0.049
Ile1117Leu,deleterious_low_confidence(0.01),0.99,benign(0.142),0.142
Ile1117Thr,deleterious_low_confidence(0),1.0,possibly_damaging(0.801),0.801
Ser1118Pro,deleterious_low_confidence(0),1.0,probably_damaging(0.933),0.933
Ser1118Cys,deleterious_low_confidence(0),1.0,probably_damaging(0.977),0.977
Ser1118Phe,deleterious_low_confidence(0),1.0,probably_damaging(0.955),0.955
Ile1119Phe,deleterious_low_confidence(0),1.0,probably_damaging(0.961),0.961
Ile1119Thr,deleterious_low_confidence(0.05),0.95,benign(0.387),0.387
Leu1120Ile,tolerated_low_confidence(0.92),0.08,benign(0.021),0.021
Leu1120Phe,tolerated_low_confidence(0.17),0.83,possibly_damaging(0.703),0.703
Thr1121Ser,deleterious_low_confidence(0.03),0.97,possibly_damaging(0.542),0.542
Thr1121Ile,deleterious_low_confidence(0),1.0,probably_damaging(0.979),0.979
Thr1122Ala,deleterious_low_confidence(0.02),0.98,benign(0.413),0.413
Gly1123Arg,tolerated_low_confidence(0.13),0.87,benign(0.144),0.144
Gly1125Glu,deleterious_low_confidence(0.04),0.96,probably_damaging(0.912),0.912
Gly1127Arg,deleterious_low_confidence(0.01),0.99,probably_damaging(0.97),0.97
Gly1127Glu,deleterious_low_confidence(0.03),0.97,possibly_damaging(0.532),0.532
Arg1128Gly,deleterious_low_confidence(0.01),0.99,benign(0.042),0.042
Arg1128Lys,tolerated_low_confidence(0.37),0.63,benign(0),0.0
Val1129Leu,deleterious_low_confidence(0.01),0.99,benign(0.124),0.124
Val1129Ile,tolerated_low_confidence(0.83),0.17,benign(0.019),0.019
Val1129Gly,deleterious_low_confidence(0),1.0,possibly_damaging(0.485),0.485
Gly1130Ser,deleterious_low_confidence(0),1.0,probably_damaging(1),1.0
Gly1130Arg,deleterious_low_confidence(0),1.0,probably_damaging(1),1.0
Gly1130Ala,deleterious_low_confidence(0),1.0,probably_damaging(1),1.0
Ile1131Val,deleterious_low_confidence(0),1.0,probably_damaging(0.994),0.994
Ile1131Thr,deleterious_low_confidence(0),1.0,probably_damaging(0.999),0.999
Ile1132Val,tolerated_low_confidence(0.18),0.82,benign(0.027),0.027
Ile1132Asn,deleterious_low_confidence(0),1.0,probably_damaging(0.927),0.927
Thr1134Asn,deleterious_low_confidence(0),1.0,probably_damaging(0.961),0.961
Thr1134Ser,deleterious_low_confidence(0),1.0,possibly_damaging(0.723),0.723
Ala1136Pro,deleterious_low_confidence(0),1.0,probably_damaging(1),1.0
Ala1136Thr,deleterious_low_confidence(0.01),0.99,probably_damaging(0.999),0.999
Ala1136Val,deleterious_low_confidence(0),1.0,probably_damaging(0.999),0.999
Met1137Arg,deleterious_low_confidence(0),1.0,probably_damaging(0.994),0.994
Met1137Thr,deleterious_low_confidence(0),1.0,possibly_damaging(0.711),0.711
Met1137Ile,deleterious_low_confidence(0.01),0.99,probably_damaging(0.91),0.91
Asn1138Ser,tolerated_low_confidence(0.28),0.72,probably_damaging(0.94),0.94
Ile1139Val,deleterious_low_confidence(0),1.0,probably_damaging(0.991),0.991
Ile1139Met,deleterious_low_confidence(0),1.0,probably_damaging(0.986),0.986
Met1140Val,deleterious_low_confidence(0),1.0,benign(0.222),0.222
Met1140Leu,tolerated_low_confidence(0.9),0.1,benign(0.009),0.009
Met1140Lys,deleterious_low_confidence(0),1.0,possibly_damaging(0.501),0.501
Met1140Ile,deleterious_low_confidence(0.01),0.99,benign(0.318),0.318
Ser1141Arg,deleterious_low_confidence(0),1.0,benign(0.377),0.377
Leu1143Ser,deleterious_low_confidence(0),1.0,probably_damaging(0.985),0.985
Trp1145Arg,deleterious_low_confidence(0),1.0,probably_damaging(1),1.0
Trp1145Gly,deleterious_low_confidence(0),1.0,probably_damaging(0.999),0.999
Trp1145Ser,deleterious_low_confidence(0),1.0,probably_damaging(0.999),0.999
Trp1145Cys,deleterious_low_confidence(0),1.0,probably_damaging(1),1.0
Ala1146Val,deleterious_low_confidence(0.02),0.98,probably_damaging(0.984),0.984
Val1147Ile,tolerated_low_confidence(0.09),0.91,benign(0.196),0.196
Val1147Ala,deleterious_low_confidence(0),1.0,possibly_damaging(0.738),0.738
Asn1148Lys,tolerated_low_confidence(0.08),0.92,possibly_damaging(0.584),0.584
Ser1150Thr,deleterious_low_confidence(0),1.0,probably_damaging(0.985),0.985
Ile1151Lys,deleterious_low_confidence(0),1.0,probably_damaging(0.993),0.993
Asp1152Gly,deleterious_low_confidence(0.02),0.98,benign(0.068),0.068
Val1153Leu,deleterious_low_confidence(0.04),0.96,benign(0.435),0.435
Val1153Met,deleterious_low_confidence(0.01),0.99,probably_damaging(0.936),0.936
Val1153Glu,deleterious_low_confidence(0),1.0,possibly_damaging(0.887),0.887
Asp1154Tyr,deleterious_low_confidence(0),1.0,probably_damaging(0.999),0.999
Asp1154Asn,deleterious_low_confidence(0),1.0,probably_damaging(0.997),0.997
Asp1154Gly,deleterious_low_confidence(0),1.0,probably_damaging(0.999),0.999
Asp1154Glu,deleterious_low_confidence(0),1.0,probably_damaging(0.937),0.937
Ser1155Asn,deleterious_low_confidence(0.02),0.98,possibly_damaging(0.607),0.607
Ser1155Arg,deleterious_low_confidence(0.01),0.99,possibly_damaging(0.779),0.779
Leu1156Phe,deleterious_low_confidence(0),1.0,probably_damaging(0.927),0.927
Met1157Leu,deleterious_low_confidence(0),1.0,benign(0.062),0.062
Met1157Ile,deleterious_low_confidence(0),1.0,benign(0.098),0.098
Arg1158Leu,deleterious_low_confidence(0),1.0,probably_damaging(0.965),0.965
Arg1158Pro,deleterious_low_confidence(0),1.0,probably_damaging(0.997),0.997
Arg1158Gln,deleterious_low_confidence(0),1.0,probably_damaging(0.995),0.995
Ser1159Pro,deleterious_low_confidence(0),1.0,probably_damaging(0.916),0.916
Ser1159Phe,deleterious_low_confidence(0),1.0,probably_damaging(0.956),0.956
Ser1161Gly,tolerated_low_confidence(0.23),0.77,benign(0.146),0.146
Ser1161Arg,deleterious_low_confidence(0.03),0.97,possibly_damaging(0.45),0.45
Arg1162Pro,deleterious_low_confidence(0),1.0,probably_damaging(0.916),0.916
Arg1162Gln,deleterious_low_confidence(0),1.0,benign(0.131),0.131
Val1163Ile,tolerated_low_confidence(0.3),0.7,benign(0.013),0.013
Val1163Gly,deleterious_low_confidence(0),1.0,possibly_damaging(0.804),0.804
Phe1164Leu,deleterious_low_confidence(0),1.0,probably_damaging(0.985),0.985
Lys1165Arg,deleterious_low_confidence(0.05),0.95,benign(0.074),0.074
Lys1165Thr,deleterious_low_confidence(0.01),0.99,possibly_damaging(0.827),0.827
Phe1166Cys,deleterious_low_confidence(0),1.0,probably_damaging(0.952),0.952
Phe1166Leu,deleterious_low_confidence(0),1.0,possibly_damaging(0.517),0.517
Ile1167Asn,deleterious_low_confidence(0),1.0,possibly_damaging(0.829),0.829
Ile1167Thr,deleterious_low_confidence(0),1.0,benign(0.377),0.377
Asp1168Gly,deleterious_low_confidence(0),1.0,probably_damaging(0.995),0.995
Met1169Val,deleterious_low_confidence(0),1.0,benign(0.001),0.001
Pro1170Ser,deleterious_low_confidence(0),1.0,benign(0.292),0.292
Pro1170Arg,deleterious_low_confidence(0.01),0.99,possibly_damaging(0.505),0.505
Thr1171Ala,tolerated_low_confidence(0.1),0.9,benign(0),0.0
Glu1172Gln,deleterious_low_confidence(0),1.0,benign(0.385),0.385
Gly1173Ser,tolerated_low_confidence(0.63),0.37,benign(0),0.0
Gly1173Asp,tolerated_low_confidence(0.56),0.44,benign(0),0.0
Gly1173Val,tolerated_low_confidence(0.2),0.8,benign(0.006),0.006
Lys1174Thr,tolerated_low_confidence(0.21),0.79,benign(0),0.0
Pro1175Ser,tolerated_low_confidence(0.26),0.74,benign(0),0.0
Pro1175Leu,tolerated_low_confidence(0.1),0.9,benign(0.021),0.021
Thr1176Ser,tolerated_low_confidence(0.53),0.47,benign(0),0.0
Lys1177Glu,tolerated_low_confidence(0.2),0.8,benign(0.023),0.023
Lys1177Arg,tolerated_low_confidence(0.08),0.92,benign(0),0.0
Lys1177Thr,deleterious_low_confidence(0.04),0.96,benign(0.034),0.034
Ser1178Thr,tolerated_low_confidence(0.21),0.79,benign(0),0.0
Thr1179Ile,tolerated_low_confidence(0.55),0.45,benign(0),0.0
Lys1180Glu,deleterious_low_confidence(0.04),0.96,benign(0.001),0.001
Tyr1182His,tolerated_low_confidence(0.15),0.85,benign(0),0.0
Lys1183Glu,tolerated_low_confidence(0.09),0.91,benign(0.031),0.031
Asn1184Ile,deleterious_low_confidence(0.01),0.99,benign(0.038),0.038
Gly1185Val,deleterious_low_confidence(0.02),0.98,benign(0),0.0
Leu1187Ile,tolerated_low_confidence(0.36),0.64,benign(0.003),0.003
Leu1187Val,tolerated_low_confidence(0.52),0.48,benign(0.031),0.031
Leu1187Phe,tolerated_low_confidence(0.57),0.43,benign(0.003),0.003
Ser1188Pro,tolerated_low_confidence(0.07),0.93,benign(0.003),0.003
Ser1188Leu,tolerated_low_confidence(0.05),0.95,benign(0.078),0.078
Lys1189Glu,tolerated_low_confidence(0.56),0.44,benign(0),0.0
Val1190Ile,tolerated_low_confidence(0.12),0.88,benign(0.214),0.214
Met1191Ile,deleterious_low_confidence(0.03),0.97,benign(0),0.0
Ile1192Phe,deleterious_low_confidence(0),1.0,benign(0.257),0.257
Ile1193Val,deleterious_low_confidence(0.03),0.97,benign(0.005),0.005
Ile1193Thr,deleterious_low_confidence(0.01),0.99,benign(0.001),0.001
Ile1193Asn,deleterious_low_confidence(0),1.0,benign(0.104),0.104
Glu1194Lys,tolerated_low_confidence(0.14),0.86,benign(0.005),0.005
Asn1195Lys,deleterious_low_confidence(0),1.0,probably_damaging(0.993),0.993
His1197Arg,deleterious_low_confidence(0),1.0,benign(0.229),0.229
His1197Leu,deleterious_low_confidence(0.01),0.99,benign(0.062),0.062
Val1198Met,deleterious_low_confidence(0.04),0.96,benign(0.354),0.354
Lys1199Gln,tolerated_low_confidence(0.71),0.29,benign(0.006),0.006
Lys1199Glu,deleterious_low_confidence(0.03),0.97,benign(0.042),0.042
Lys1200Gln,tolerated_low_confidence(0.07),0.93,benign(0.048),0.048
Lys1200Glu,tolerated_low_confidence(0.72),0.28,benign(0),0.0
Lys1200Asn,tolerated_low_confidence(0.12),0.88,benign(0.048),0.048
Asp1201Tyr,deleterious_low_confidence(0.04),0.96,benign(0.434),0.434
Asp1202Gly,tolerated_low_confidence(0.08),0.92,benign(0.001),0.001
Ile1203Val,tolerated_low_confidence(0.46),0.54,benign(0),0.0
Trp1204Leu,deleterious_low_confidence(0),1.0,probably_damaging(0.999),0.999
Pro1205Arg,deleterious_low_confidence(0),1.0,probably_damaging(0.999),0.999
Pro1205His,deleterious_low_confidence(0),1.0,probably_damaging(0.999),0.999
Gly1208Cys,deleterious_low_confidence(0),1.0,probably_damaging(1),1.0
Gly1208Ala,deleterious_low_confidence(0),1.0,probably_damaging(0.999),0.999
Gly1208Val,deleterious_low_confidence(0),1.0,probably_damaging(1),1.0
Gly1208Asp,deleterious_low_confidence(0),1.0,probably_damaging(1),1.0
Gln1209Lys,deleterious_low_confidence(0.04),0.96,benign(0.044),0.044
Met1210Leu,tolerated_low_confidence(0.15),0.85,benign(0),0.0
Met1210Val,deleterious_low_confidence(0),1.0,benign(0.01),0.01
Met1210Thr,deleterious_low_confidence(0),1.0,benign(0.136),0.136
Val1212Ala,deleterious_low_confidence(0),1.0,benign(0.306),0.306
Lys1213Glu,deleterious_low_confidence(0),1.0,benign(0.108),0.108
Lys1213Gln,tolerated_low_confidence(0.8),0.2,benign(0.009),0.009
Asp1214Gly,tolerated_low_confidence(0.99),0.01,benign(0),0.0
Asp1214Val,deleterious_low_confidence(0),1.0,benign(0.229),0.229
Asp1214Glu,deleterious_low_confidence(0.01),0.99,benign(0.042),0.042
Thr1216Ala,deleterious_low_confidence(0.02),0.98,benign(0.02),0.02
Ala1217Ser,deleterious_low_confidence(0),1.0,possibly_damaging(0.484),0.484
Ala1217Val,tolerated_low_confidence(1),0.0,benign(0.014),0.014
Thr1220Ser,tolerated_low_confidence(0.07),0.93,benign(0.028),0.028
Gly1222Asp,tolerated_low_confidence(0.16),0.84,benign(0.001),0.001
Gly1223Arg,deleterious_low_confidence(0.01),0.99,probably_damaging(0.935),0.935
Asn1224Lys,tolerated_low_confidence(0.07),0.93,benign(0.046),0.046
Ala1225Val,deleterious_low_confidence(0),1.0,possibly_damaging(0.517),0.517
Ile1226Val,tolerated_low_confidence(1),0.0,benign(0),0.0
Ile1226Thr,deleterious_low_confidence(0),1.0,benign(0.062),0.062
Ile1226Met,deleterious_low_confidence(0.01),0.99,benign(0.015),0.015
Leu1227Ser,deleterious_low_confidence(0),1.0,probably_damaging(0.999),0.999
Glu1228Lys,tolerated_low_confidence(0.34),0.66,benign(0.015),0.015
Glu1228Gln,tolerated_low_confidence(0.26),0.74,benign(0.009),0.009
Glu1228Gly,deleterious_low_confidence(0.01),0.99,benign(0.108),0.108
Ile1230Val,tolerated_low_confidence(0.2),0.8,benign(0.084),0.084
Ile1230Thr,deleterious_low_confidence(0.01),0.99,possibly_damaging(0.607),0.607
Ile1230Ser,deleterious_low_confidence(0),1.0,possibly_damaging(0.779),0.779
Ser1231Pro,deleterious_low_confidence(0),1.0,probably_damaging(0.946),0.946
Ser1233Pro,deleterious_low_confidence(0),1.0,probably_damaging(0.966),0.966
Ser1235Cys,deleterious_low_confidence(0),1.0,possibly_damaging(0.772),0.772
Ser1235Ile,deleterious_low_confidence(0.02),0.98,possibly_damaging(0.531),0.531
Pro1236Ala,tolerated_low_confidence(0.25),0.75,benign(0),0.0
Gly1237Ser,deleterious_low_confidence(0),1.0,probably_damaging(0.983),0.983
Gly1237Asp,deleterious_low_confidence(0),1.0,probably_damaging(0.992),0.992
Gln1238Lys,deleterious_low_confidence(0.03),0.97,possibly_damaging(0.832),0.832
Gln1238Arg,deleterious_low_confidence(0),1.0,possibly_damaging(0.874),0.874
Arg1239Ser,tolerated_low_confidence(0.59),0.41,benign(0.026),0.026
Val1240Leu,tolerated_low_confidence(0.07),0.93,benign(0.422),0.422
Val1240Met,tolerated_low_confidence(0.06),0.94,benign(0.422),0.422
Val1240Gly,deleterious_low_confidence(0),1.0,probably_damaging(0.946),0.946
Gly1241Ser,deleterious_low_confidence(0),1.0,probably_damaging(1),1.0
Gly1241Asp,deleterious_low_confidence(0),1.0,probably_damaging(1),1.0
Gly1241Ala,deleterious_low_confidence(0.04),0.96,probably_damaging(0.999),0.999
Leu1242Phe,deleterious_low_confidence(0.01),0.99,probably_damaging(0.953),0.953
Leu1242His,deleterious_low_confidence(0),1.0,probably_damaging(0.982),0.982
Leu1242Arg,deleterious_low_confidence(0),1.0,probably_damaging(0.982),0.982
Leu1243Trp,deleterious_low_confidence(0),1.0,probably_damaging(1),1.0
Gly1244Arg,deleterious_low_confidence(0),1.0,probably_damaging(1),1.0
Gly1244Val,deleterious_low_confidence(0),1.0,probably_damaging(1),1.0
Thr1246Ile,deleterious_low_confidence(0),1.0,probably_damaging(0.916),0.916
Gly1247Arg,deleterious_low_confidence(0),1.0,probably_damaging(0.961),0.961
Gly1247Val,deleterious_low_confidence(0),1.0,possibly_damaging(0.905),0.905
Gly1247Glu,deleterious_low_confidence(0),1.0,probably_damaging(0.931),0.931
Ser1248Thr,deleterious_low_confidence(0),1.0,benign(0.208),0.208
Gly1249Arg,deleterious_low_confidence(0),1.0,probably_damaging(1),1.0
Lys1250Glu,deleterious_low_confidence(0),1.0,possibly_damaging(0.691),0.691
Ser1251Thr,deleterious_low_confidence(0.04),0.96,possibly_damaging(0.823),0.823
Thr1252Pro,deleterious_low_confidence(0),1.0,probably_damaging(0.964),0.964
Leu1253Phe,deleterious_low_confidence(0),1.0,probably_damaging(1),1.0
Leu1254Phe,tolerated_low_confidence(0.16),0.84,benign(0.258),0.258
Ser1255Thr,tolerated_low_confidence(0.06),0.94,benign(0.147),0.147
Ser1255Leu,tolerated_low_confidence(0.24),0.76,benign(0.007),0.007
Ala1256Ser,deleterious_low_confidence(0),1.0,probably_damaging(0.999),0.999
Ala1256Thr,deleterious_low_confidence(0.02),0.98,probably_damaging(1),1.0
Ala1256Gly,deleterious_low_confidence(0.03),0.97,probably_damaging(0.999),0.999
Ala1256Val,deleterious_low_confidence(0),1.0,probably_damaging(1),1.0
Phe1257Leu,tolerated_low_confidence(1),0.0,benign(0.006),0.006
Arg1259Thr,deleterious_low_confidence(0),1.0,probably_damaging(0.979),0.979
Leu1260Pro,deleterious_low_confidence(0),1.0,probably_damaging(0.988),0.988
Leu1260Arg,deleterious_low_confidence(0),1.0,probably_damaging(0.977),0.977
Leu1261Arg,deleterious_low_confidence(0.01),0.99,possibly_damaging(0.75),0.75
Leu1261Pro,deleterious_low_confidence(0.02),0.98,possibly_damaging(0.862),0.862
Thr1263Ala,deleterious_low_confidence(0.03),0.97,possibly_damaging(0.728),0.728
Glu1264Asp,tolerated_low_confidence(0.89),0.11,benign(0.012),0.012
Gly1265Arg,deleterious_low_confidence(0),1.0,probably_damaging(1),1.0
Gly1265Val,deleterious_low_confidence(0),1.0,probably_damaging(1),1.0
Gly1265Glu,deleterious_low_confidence(0),1.0,probably_damaging(1),1.0
Glu1266Gly,deleterious_low_confidence(0),1.0,benign(0.082),0.082
Ile1267Asn,deleterious_low_confidence(0),1.0,probably_damaging(0.942),0.942
Gln1268Glu,deleterious_low_confidence(0.04),0.96,benign(0.021),0.021
Gln1268Arg,tolerated_low_confidence(0.08),0.92,benign(0.021),0.021
Ile1269Val,tolerated_low_confidence(0.07),0.93,benign(0.047),0.047
Ile1269Asn,deleterious_low_confidence(0),1.0,probably_damaging(0.969),0.969
Ile1269Met,deleterious_low_confidence(0),1.0,probably_damaging(0.938),0.938
Asp1270Tyr,deleterious_low_confidence(0),1.0,probably_damaging(1),1.0
Asp1270Val,deleterious_low_confidence(0),1.0,probably_damaging(1),1.0
Asp1270Gly,deleterious_low_confidence(0),1.0,probably_damaging(1),1.0
Gly1271Ser,deleterious_low_confidence(0),1.0,possibly_damaging(0.772),0.772
Gly1271Asp,deleterious_low_confidence(0.03),0.97,probably_damaging(0.982),0.982
Val1272Met,deleterious_low_confidence(0),1.0,probably_damaging(0.977),0.977
Val1272Gly,deleterious_low_confidence(0),1.0,probably_damaging(0.977),0.977
Val1272Glu,deleterious_low_confidence(0),1.0,probably_damaging(0.985),0.985
Asp1275Asn,tolerated_low_confidence(1),0.0,benign(0.003),0.003
Asp1275Gly,deleterious_low_confidence(0.03),0.97,benign(0.161),0.161
Asp1275Glu,deleterious_low_confidence(0.03),0.97,benign(0.009),0.009
Ser1276Leu,deleterious_low_confidence(0),1.0,possibly_damaging(0.526),0.526
Ile1277Val,tolerated_low_confidence(1),0.0,benign(0.003),0.003
Leu1279Ser,deleterious_low_confidence(0),1.0,probably_damaging(0.95),0.95
Leu1279Phe,deleterious_low_confidence(0.01),0.99,probably_damaging(0.933),0.933
Gln1281Pro,tolerated_low_confidence(0.05),0.95,benign(0.173),0.173
Gln1281Arg,tolerated_low_confidence(0.13),0.87,benign(0.04),0.04
Trp1282Gly,deleterious_low_confidence(0),1.0,probably_damaging(0.999),0.999
Trp1282Cys,deleterious_low_confidence(0),1.0,probably_damaging(1),1.0
Arg1283Lys,deleterious_low_confidence(0),1.0,probably_damaging(0.998),0.998
Arg1283Ser,deleterious_low_confidence(0),1.0,probably_damaging(0.999),0.999
Lys1284Arg,tolerated_low_confidence(0.09),0.91,benign(0.115),0.115
Lys1284Asn,deleterious_low_confidence(0),1.0,possibly_damaging(0.851),0.851
Ala1285Ser,deleterious_low_confidence(0.04),0.96,probably_damaging(0.997),0.997
Ala1285Thr,deleterious_low_confidence(0),1.0,probably_damaging(0.999),0.999
Ala1285Gly,deleterious_low_confidence(0),1.0,probably_damaging(0.998),0.998
Ala1285Glu,deleterious_low_confidence(0),1.0,probably_damaging(0.999),0.999
Ala1285Val,deleterious_low_confidence(0),1.0,probably_damaging(0.999),0.999
Phe1286Cys,deleterious_low_confidence(0),1.0,probably_damaging(1),1.0
Gly1287Arg,deleterious_low_confidence(0),1.0,probably_damaging(1),1.0
Val1288Met,deleterious_low_confidence(0),1.0,probably_damaging(0.999),0.999
Pro1290Ser,deleterious_low_confidence(0.01),0.99,probably_damaging(0.936),0.936
Pro1290Thr,deleterious_low_confidence(0.02),0.98,possibly_damaging(0.45),0.45
Pro1290Leu,deleterious_low_confidence(0.01),0.99,probably_damaging(0.957),0.957
Lys1292Asn,deleterious_low_confidence(0),1.0,probably_damaging(0.979),0.979
Val1293Ile,tolerated_low_confidence(0.17),0.83,benign(0.391),0.391
Ile1295Val,deleterious_low_confidence(0.04),0.96,benign(0.078),0.078
Ile1295Ser,deleterious_low_confidence(0),1.0,probably_damaging(0.928),0.928
Phe1296Ser,deleterious_low_confidence(0),1.0,probably_damaging(0.985),0.985
Ser1297Phe,deleterious_low_confidence(0),1.0,probably_damaging(0.99),0.99
Gly1298Arg,deleterious_low_confidence(0),1.0,probably_damaging(1),1.0
Gly1298Ala,deleterious_low_confidence(0),1.0,probably_damaging(1),1.0
Gly1298Val,deleterious_low_confidence(0),1.0,probably_damaging(1),1.0
Thr1299Ala,deleterious_low_confidence(0),1.0,possibly_damaging(0.654),0.654
Thr1299Ile,deleterious_low_confidence(0),1.0,probably_damaging(0.951),0.951
Phe1300Leu,deleterious_low_confidence(0.01),0.99,benign(0.077),0.077
Arg1301Lys,tolerated_low_confidence(0.08),0.92,probably_damaging(0.962),0.962
Arg1301Thr,deleterious_low_confidence(0),1.0,probably_damaging(0.998),0.998
Lys1302Glu,tolerated_low_confidence(0.13),0.87,benign(0.323),0.323
Asn1303Tyr,deleterious_low_confidence(0),1.0,probably_damaging(1),1.0
Asn1303Thr,deleterious_low_confidence(0),1.0,probably_damaging(1),1.0
Asn1303Ile,deleterious_low_confidence(0),1.0,probably_damaging(1),1.0
Leu1304Val,deleterious_low_confidence(0),1.0,probably_damaging(0.999),0.999
Asp1305Glu,deleterious_low_confidence(0),1.0,probably_damaging(0.999),0.999
Pro1306Ser,deleterious_low_confidence(0),1.0,probably_damaging(1),1.0
Pro1306His,deleterious_low_confidence(0),1.0,probably_damaging(1),1.0
Pro1306Leu,deleterious_low_confidence(0),1.0,probably_damaging(1),1.0
Tyr1307Ser,deleterious_low_confidence(0.02),0.98,possibly_damaging(0.485),0.485
Tyr1307Cys,deleterious_low_confidence(0.03),0.97,probably_damaging(0.926),0.926
Gln1309Glu,tolerated_low_confidence(0.13),0.87,benign(0.24),0.24
Trp1310Gly,deleterious_low_confidence(0.01),0.99,possibly_damaging(0.461),0.461
Ser1311Arg,deleterious_low_confidence(0.05),0.95,benign(0.013),0.013
Asp1312His,deleterious_low_confidence(0),1.0,probably_damaging(1),1.0
Asp1312Tyr,deleterious_low_confidence(0),1.0,probably_damaging(1),1.0
Asp1312Gly,deleterious_low_confidence(0),1.0,probably_damaging(1),1.0
Gln1313Lys,deleterious_low_confidence(0.02),0.98,benign(0.068),0.068
Glu1314Ala,deleterious_low_confidence(0),1.0,probably_damaging(0.998),0.998
Ile1315Leu,tolerated_low_confidence(1),0.0,benign(0.012),0.012
Ile1315Thr,deleterious_low_confidence(0),1.0,possibly_damaging(0.716),0.716
Ile1315Met,deleterious_low_confidence(0),1.0,possibly_damaging(0.764),0.764
Trp1316Arg,deleterious_low_confidence(0.02),0.98,probably_damaging(0.988),0.988
Lys1317Glu,deleterious_low_confidence(0.01),0.99,possibly_damaging(0.605),0.605
Val1318Gly,deleterious_low_confidence(0),1.0,probably_damaging(0.998),0.998
Val1318Ala,deleterious_low_confidence(0.01),0.99,probably_damaging(0.962),0.962
Ala1319Ser,deleterious_low_confidence(0.02),0.98,possibly_damaging(0.742),0.742
Ala1319Glu,deleterious_low_confidence(0),1.0,probably_damaging(0.928),0.928
Asp1320Asn,deleterious_low_confidence(0.03),0.97,possibly_damaging(0.579),0.579
Asp1320His,deleterious_low_confidence(0),1.0,possibly_damaging(0.863),0.863
Val1322Ile,deleterious_low_confidence(0),1.0,probably_damaging(0.994),0.994
Val1322Phe,deleterious_low_confidence(0),1.0,probably_damaging(0.999),0.999
Val1322Asp,deleterious_low_confidence(0),1.0,probably_damaging(0.999),0.999
Val1322Ala,deleterious_low_confidence(0),1.0,probably_damaging(0.996),0.996
Leu1324Phe,deleterious_low_confidence(0),1.0,probably_damaging(0.999),0.999
Leu1324Pro,deleterious_low_confidence(0),1.0,probably_damaging(1),1.0
Arg1325Ser,deleterious_low_confidence(0),1.0,benign(0.225),0.225
Val1327Met,deleterious_low_confidence(0.02),0.98,possibly_damaging(0.524),0.524
Val1327Ala,deleterious_low_confidence(0),1.0,possibly_damaging(0.739),0.739
Val1327Gly,deleterious_low_confidence(0),1.0,probably_damaging(0.946),0.946
Ile1328Thr,deleterious_low_confidence(0),1.0,probably_damaging(0.998),0.998
Ile1328Met,deleterious_low_confidence(0),1.0,probably_damaging(1),1.0
Glu1329Gln,deleterious_low_confidence(0),1.0,probably_damaging(0.95),0.95
Gln1330Glu,deleterious_low_confidence(0),1.0,probably_damaging(0.996),0.996
Gln1330Arg,deleterious_low_confidence(0),1.0,probably_damaging(0.999),0.999
Phe1331Ile,deleterious_low_confidence(0),1.0,probably_damaging(0.998),0.998
Gly1333Trp,deleterious_low_confidence(0),1.0,probably_damaging(0.999),0.999
Leu1335Phe,deleterious_low_confidence(0),1.0,probably_damaging(1),1.0
Leu1335Pro,deleterious_low_confidence(0),1.0,probably_damaging(1),1.0
Asp1336Tyr,deleterious_low_confidence(0.02),0.98,probably_damaging(0.992),0.992
Asp1336Ala,deleterious_low_confidence(0),1.0,probably_damaging(0.954),0.954
Phe1337Ile,deleterious_low_confidence(0.01),0.99,probably_damaging(0.998),0.998
Phe1337Val,deleterious_low_confidence(0),1.0,probably_damaging(0.997),0.997
Val1338Ile,tolerated_low_confidence(0.53),0.47,benign(0.24),0.24
Val1338Asp,tolerated_low_confidence(0.16),0.84,benign(0.24),0.24
Leu1339Phe,deleterious_low_confidence(0),1.0,probably_damaging(1),1.0
Val1340Met,tolerated_low_confidence(0.08),0.92,possibly_damaging(0.605),0.605
Val1340Leu,tolerated_low_confidence(0.28),0.72,benign(0.006),0.006
Val1340Glu,tolerated_low_confidence(1),0.0,benign(0.022),0.022
Gly1342Arg,deleterious_low_confidence(0.02),0.98,probably_damaging(0.983),0.983
Gly1342Trp,deleterious_low_confidence(0),1.0,probably_damaging(0.997),0.997
Gly1342Val,deleterious_low_confidence(0),1.0,probably_damaging(0.958),0.958
Gly1342Glu,deleterious_low_confidence(0.01),0.99,probably_damaging(0.97),0.97
Gly1343Ser,deleterious_low_confidence(0),1.0,probably_damaging(1),1.0
Gly1343Asp,deleterious_low_confidence(0),1.0,probably_damaging(1),1.0
Gly1343Ala,deleterious_low_confidence(0),1.0,probably_damaging(1),1.0
Gly1343Val,deleterious_low_confidence(0),1.0,probably_damaging(1),1.0
Cys1344Gly,tolerated_low_confidence(0.26),0.74,benign(0.028),0.028
Cys1344Ser,tolerated_low_confidence(0.41),0.59,benign(0.005),0.005
Val1345Ile,deleterious_low_confidence(0.03),0.97,benign(0.268),0.268
Val1345Ala,deleterious_low_confidence(0),1.0,possibly_damaging(0.857),0.857
Leu1346Pro,deleterious_low_confidence(0),1.0,probably_damaging(1),1.0
Leu1346Gln,deleterious_low_confidence(0),1.0,probably_damaging(1),1.0
Ser1347Asn,deleterious_low_confidence(0),1.0,probably_damaging(0.991),0.991
Ser1347Ile,deleterious_low_confidence(0),1.0,probably_damaging(0.988),0.988
His1348Asn,tolerated_low_confidence(1),0.0,benign(0.014),0.014
His1348Tyr,tolerated_low_confidence(0.12),0.88,benign(0.195),0.195
Gly1349Ser,deleterious_low_confidence(0),1.0,probably_damaging(1),1.0
His1350Tyr,deleterious_low_confidence(0.01),0.99,probably_damaging(0.999),0.999
Lys1351Glu,deleterious_low_confidence(0),1.0,possibly_damaging(0.823),0.823
Lys1351Arg,tolerated_low_confidence(0.07),0.93,benign(0.12),0.12
Lys1351Asn,deleterious_low_confidence(0),1.0,probably_damaging(0.938),0.938
Gln1352Glu,deleterious_low_confidence(0),1.0,probably_damaging(0.997),0.997
Gln1352His,deleterious_low_confidence(0),1.0,probably_damaging(1),1.0
Met1354Leu,tolerated_low_confidence(0.29),0.71,benign(0.001),0.001
Met1354Thr,deleterious_low_confidence(0),1.0,benign(0.103),0.103
Met1354Arg,deleterious_low_confidence(0),1.0,possibly_damaging(0.518),0.518
Met1354Ile,tolerated_low_confidence(0.3),0.7,benign(0.001),0.001
Cys1355Gly,deleterious_low_confidence(0.01),0.99,benign(0.078),0.078
Cys1355Phe,deleterious_low_confidence(0),1.0,probably_damaging(0.982),0.982
Leu1356Ser,deleterious_low_confidence(0),1.0,probably_damaging(1),1.0
Arg1358Ser,deleterious_low_confidence(0),1.0,probably_damaging(0.999),0.999
Ser1359Cys,deleterious_low_confidence(0.02),0.98,probably_damaging(1),1.0
Ser1359Tyr,deleterious_low_confidence(0),1.0,probably_damaging(1),1.0
Val1360Ile,tolerated_low_confidence(1),0.0,benign(0.014),0.014
Val1360Ala,deleterious_low_confidence(0),1.0,possibly_damaging(0.508),0.508
Leu1361Phe,deleterious_low_confidence(0),1.0,probably_damaging(1),1.0
Leu1361Val,deleterious_low_confidence(0),1.0,probably_damaging(0.999),0.999
Ser1362Thr,deleterious_low_confidence(0.02),0.98,possibly_damaging(0.574),0.574
Ser1362Asn,deleterious_low_confidence(0.01),0.99,possibly_damaging(0.579),0.579
Lys1363Gln,deleterious_low_confidence(0),1.0,probably_damaging(0.971),0.971
Lys1363Arg,tolerated_low_confidence(0.13),0.87,benign(0.356),0.356
Lys1365Glu,deleterious_low_confidence(0),1.0,possibly_damaging(0.742),0.742
Lys1365Arg,tolerated_low_confidence(1),0.0,benign(0.078),0.078
Ile1366Val,deleterious_low_confidence(0.01),0.99,probably_damaging(0.998),0.998
Ile1366Phe,deleterious_low_confidence(0),1.0,probably_damaging(1),1.0
Ile1366Thr,deleterious_low_confidence(0),1.0,probably_damaging(0.999),0.999
Ile1366Asn,deleterious_low_confidence(0),1.0,probably_damaging(1),1.0
Leu1367Ser,deleterious_low_confidence(0),1.0,probably_damaging(0.983),0.983
Leu1368Pro,deleterious_low_confidence(0),1.0,probably_damaging(1),1.0
Leu1369Val,deleterious_low_confidence(0),1.0,probably_damaging(0.999),0.999
Asp1370His,deleterious_low_confidence(0),1.0,probably_damaging(1),1.0
Asp1370Gly,deleterious_low_confidence(0.01),0.99,probably_damaging(1),1.0
Asp1370Glu,deleterious_low_confidence(0),1.0,probably_damaging(0.999),0.999
Pro1372Thr,deleterious_low_confidence(0.01),0.99,probably_damaging(0.999),0.999
Pro1372Ser,deleterious_low_confidence(0),1.0,probably_damaging(0.999),0.999
Pro1372Leu,deleterious_low_confidence(0),1.0,probably_damaging(0.999),0.999
Ser1373Ile,deleterious_low_confidence(0),1.0,probably_damaging(0.936),0.936
Ala1374Pro,deleterious_low_confidence(0),1.0,probably_damaging(0.993),0.993
Ala1374Gly,tolerated_low_confidence(0.05),0.95,probably_damaging(0.943),0.943
His1375Asn,deleterious_low_confidence(0.01),0.99,benign(0.007),0.007
His1375Pro,deleterious_low_confidence(0),1.0,possibly_damaging(0.712),0.712
Leu1376Phe,deleterious_low_confidence(0),1.0,probably_damaging(0.999),0.999
Asp1377Asn,deleterious_low_confidence(0.01),0.99,probably_damaging(0.999),0.999
Asp1377His,deleterious_low_confidence(0),1.0,probably_damaging(0.999),0.999
Val1379Leu,tolerated_low_confidence(0.06),0.94,benign(0.003),0.003
Thr1380Ile,deleterious_low_confidence(0),1.0,probably_damaging(0.999),0.999
Tyr1381His,deleterious_low_confidence(0.03),0.97,possibly_damaging(0.625),0.625
Tyr1381Phe,tolerated_low_confidence(0.47),0.53,benign(0.003),0.003
Tyr1381Ser,tolerated_low_confidence(0.21),0.79,benign(0.006),0.006
Tyr1381Cys,deleterious_low_confidence(0.01),0.99,possibly_damaging(0.692),0.692
Gln1382Lys,tolerated_low_confidence(0.19),0.81,benign(0.049),0.049
Gln1382His,deleterious_low_confidence(0),1.0,probably_damaging(0.949),0.949
Ile1383Val,tolerated_low_confidence(1),0.0,benign(0),0.0
Ile1383Leu,deleterious_low_confidence(0),1.0,benign(0.026),0.026
Ile1384Thr,deleterious_low_confidence(0),1.0,possibly_damaging(0.789),0.789
Thr1387Ala,tolerated_low_confidence(0.07),0.93,benign(0.021),0.021
Leu1388Val,tolerated_low_confidence(0.05),0.95,benign(0.109),0.109
Leu1388Pro,deleterious_low_confidence(0),1.0,probably_damaging(0.915),0.915
Leu1388Gln,deleterious_low_confidence(0),1.0,probably_damaging(0.915),0.915
Ala1393Gly,deleterious_low_confidence(0.01),0.99,benign(0.323),0.323
Asp1394Val,deleterious_low_confidence(0),1.0,benign(0.281),0.281
Asp1394Gly,tolerated_low_confidence(0.38),0.62,benign(0.001),0.001
Cys1395Arg,deleterious_low_confidence(0),1.0,probably_damaging(0.999),0.999
Cys1395Phe,deleterious_low_confidence(0),1.0,probably_damaging(0.999),0.999
Thr1396Pro,deleterious_low_confidence(0),1.0,probably_damaging(0.999),0.999
Thr1396Ile,deleterious_low_confidence(0),1.0,probably_damaging(0.999),0.999
Ile1398Ser,deleterious_low_confidence(0),1.0,possibly_damaging(0.684),0.684
Leu1399Ile,deleterious_low_confidence(0),1.0,possibly_damaging(0.752),0.752
Leu1399Val,deleterious_low_confidence(0),1.0,possibly_damaging(0.752),0.752
Glu1401Lys,deleterious_low_confidence(0),1.0,probably_damaging(0.989),0.989
Glu1401Gly,deleterious_low_confidence(0),1.0,probably_damaging(0.993),0.993
His1402Tyr,deleterious_low_confidence(0),1.0,probably_damaging(0.998),0.998
His1402Arg,deleterious_low_confidence(0),1.0,probably_damaging(0.998),0.998
Arg1403Gly,deleterious_low_confidence(0),1.0,possibly_damaging(0.893),0.893
Arg1403Lys,tolerated_low_confidence(0.23),0.77,benign(0.088),0.088
Arg1403Ser,deleterious_low_confidence(0.02),0.98,possibly_damaging(0.86),0.86
Ile1404Val,tolerated_low_confidence(1),0.0,benign(0),0.0
Ile1404Met,tolerated_low_confidence(0.06),0.94,benign(0.204),0.204
Met1407Val,deleterious_low_confidence(0.02),0.98,benign(0.005),0.005
Met1407Thr,deleterious_low_confidence(0),1.0,benign(0.134),0.134
Leu1408Pro,deleterious_low_confidence(0),1.0,probably_damaging(0.977),0.977
Glu1409Lys,deleterious_low_confidence(0.01),0.99,possibly_damaging(0.59),0.59
Cys1410Trp,deleterious_low_confidence(0),1.0,probably_damaging(0.998),0.998
Gln1411Pro,deleterious_low_confidence(0.01),0.99,probably_damaging(0.995),0.995
Phe1413Leu,deleterious_low_confidence(0.01),0.99,benign(0.323),0.323
Phe1413Cys,deleterious_low_confidence(0),1.0,probably_damaging(0.931),0.931
Phe1413Ser,deleterious_low_confidence(0),1.0,possibly_damaging(0.764),0.764
Leu1414Ser,deleterious_low_confidence(0),1.0,probably_damaging(0.999),0.999
Val1415Gly,deleterious_low_confidence(0),1.0,possibly_damaging(0.893),0.893
Ile1416Thr,deleterious_low_confidence(0),1.0,probably_damaging(0.956),0.956
Glu1417Gln,deleterious_low_confidence(0),1.0,probably_damaging(0.956),0.956
Glu1417Asp,tolerated_low_confidence(0.06),0.94,benign(0.148),0.148
Glu1418Gly,tolerated_low_confidence(1),0.0,benign(0),0.0
Asn1419Ile,deleterious_low_confidence(0.01),0.99,benign(0.145),0.145
Asn1419Lys,tolerated_low_confidence(0.07),0.93,benign(0.069),0.069
Lys1420Glu,deleterious_low_confidence(0.05),0.95,benign(0.017),0.017
Lys1420Thr,tolerated_low_confidence(0.18),0.82,benign(0),0.0
Val1421Leu,tolerated_low_confidence(0.26),0.74,benign(0.013),0.013
Val1421Glu,deleterious_low_confidence(0),1.0,possibly_damaging(0.804),0.804
Val1421Ala,deleterious_low_confidence(0.04),0.96,benign(0.306),0.306
Arg1422Trp,tolerated_low_confidence(0.05),0.95,benign(0.006),0.006
Arg1422Gly,deleterious_low_confidence(0),1.0,benign(0.074),0.074
Arg1422Pro,deleterious_low_confidence(0),1.0,benign(0.428),0.428
Arg1422Gln,deleterious_low_confidence(0.03),0.97,benign(0.108),0.108
Gln1423Glu,deleterious_low_confidence(0.03),0.97,benign(0.097),0.097
Gln1423Arg,tolerated_low_confidence(0.25),0.75,benign(0.014),0.014
Gln1423His,deleterious_low_confidence(0.02),0.98,possibly_damaging(0.867),0.867
Asp1425Asn,deleterious_low_confidence(0.01),0.99,benign(0.019),0.019
Ser1426Thr,tolerated_low_confidence(0.09),0.91,possibly_damaging(0.603),0.603
Ser1426Pro,deleterious_low_confidence(0),1.0,probably_damaging(0.909),0.909
Ser1426Phe,deleterious_low_confidence(0),1.0,probably_damaging(0.931),0.931
Ser1426Tyr,deleterious_low_confidence(0),1.0,probably_damaging(0.952),0.952
Ile1427Thr,deleterious_low_confidence(0),1.0,benign(0.125),0.125
Gln1428Arg,deleterious_low_confidence(0),1.0,probably_damaging(0.992),0.992
Gln1428His,deleterious_low_confidence(0.02),0.98,probably_damaging(0.998),0.998
Leu1430Gln,deleterious_low_confidence(0),1.0,possibly_damaging(0.898),0.898
Leu1431Arg,deleterious_low_confidence(0),1.0,possibly_damaging(0.747),0.747
Asn1432Lys,deleterious_low_confidence(0),1.0,benign(0.092),0.092
Glu1433Lys,deleterious_low_confidence(0),1.0,probably_damaging(0.985),0.985
Glu1433Gly,deleterious_low_confidence(0),1.0,probably_damaging(0.997),0.997
Glu1433Asp,deleterious_low_confidence(0.01),0.99,probably_damaging(0.993),0.993
Arg1434Gly,deleterious_low_confidence(0.01),0.99,benign(0.007),0.007
Arg1434Met,tolerated_low_confidence(0.1),0.9,benign(0.003),0.003
Ser1435Asn,tolerated_low_confidence(0.11),0.89,benign(0.014),0.014
Ser1435Arg,deleterious_low_confidence(0),1.0,benign(0.021),0.021
Phe1437Leu,tolerated_low_confidence(1),0.0,benign(0.001),0.001
Arg1438Gly,deleterious_low_confidence(0.03),0.97,benign(0),0.0
Arg1438Trp,deleterious_low_confidence(0),1.0,possibly_damaging(0.448),0.448
Arg1438Gln,tolerated_low_confidence(0.13),0.87,benign(0),0.0
Gln1439Glu,deleterious_low_confidence(0),1.0,benign(0.32),0.32
Ala1440Thr,deleterious_low_confidence(0),1.0,possibly_damaging(0.849),0.849
Ala1440Gly,deleterious_low_confidence(0),1.0,possibly_damaging(0.866),0.866
Ile1441Val,deleterious_low_confidence(0.03),0.97,benign(0.006),0.006
Ile1441Thr,deleterious_low_confidence(0),1.0,benign(0.136),0.136
Ile1441Met,tolerated_low_confidence(0.61),0.39,benign(0.01),0.01
Ser1442Gly,deleterious_low_confidence(0.05),0.95,benign(0.001),0.001
Ser1442Thr,deleterious_low_confidence(0.01),0.99,possibly_damaging(0.461),0.461
Pro1443Ser,tolerated_low_confidence(0.34),0.66,benign(0),0.0
Pro1443Leu,tolerated_low_confidence(0.09),0.91,benign(0.028),0.028
Pro1443Arg,tolerated_low_confidence(0.05),0.95,benign(0.042),0.042
Ser1444Phe,deleterious_low_confidence(0.05),0.95,benign(0.092),0.092
Ser1444Tyr,deleterious_low_confidence(0.01),0.99,benign(0.213),0.213
Asp1445Asn,deleterious_low_confidence(0),1.0,possibly_damaging(0.699),0.699
Asp1445Glu,tolerated_low_confidence(0.57),0.43,benign(0.021),0.021
Arg1446Gly,deleterious_low_confidence(0.02),0.98,benign(0.003),0.003
Arg1446Lys,deleterious_low_confidence(0.04),0.96,benign(0.003),0.003
Val1447Met,tolerated_low_confidence(0.16),0.84,benign(0),0.0
Val1447Ala,tolerated_low_confidence(0.09),0.91,benign(0),0.0
Val1447Glu,deleterious_low_confidence(0),1.0,benign(0.025),0.025
Lys1448Arg,tolerated_low_confidence(0.42),0.58,benign(0.003),0.003
Leu1449Phe,deleterious_low_confidence(0.02),0.98,benign(0.021),0.021
Leu1449Pro,deleterious_low_confidence(0),1.0,possibly_damaging(0.887),0.887
Leu1449His,deleterious_low_confidence(0.03),0.97,possibly_damaging(0.841),0.841
Pro1451Ala,deleterious_low_confidence(0),1.0,benign(0.203),0.203
His1452Tyr,deleterious_low_confidence(0),1.0,benign(0.111),0.111
Arg1453Gly,deleterious_low_confidence(0),1.0,possibly_damaging(0.511),0.511
Arg1453Trp,deleterious_low_confidence(0),1.0,probably_damaging(0.938),0.938
Arg1453Gln,deleterious_low_confidence(0.01),0.99,benign(0.04),0.04
Ser1455Ala,deleterious_low_confidence(0),1.0,possibly_damaging(0.644),0.644
Ser1455Leu,deleterious_low_confidence(0),1.0,possibly_damaging(0.898),0.898
Ser1456Asn,deleterious_low_confidence(0.01),0.99,benign(0.283),0.283
Ser1456Arg,deleterious_low_confidence(0.01),0.99,possibly_damaging(0.572),0.572
Lys1457Met,tolerated_low_confidence(0.18),0.82,benign(0.341),0.341
Cys1458Tyr,deleterious_low_confidence(0.01),0.99,benign(0),0.0
Cys1458Phe,deleterious_low_confidence(0),1.0,benign(0),0.0
Ser1460Phe,deleterious_low_confidence(0),1.0,possibly_damaging(0.563),0.563
Lys1461Glu,tolerated_low_confidence(0.06),0.94,benign(0),0.0
Lys1461Asn,tolerated_low_confidence(0.06),0.94,benign(0),0.0
Pro1462Ser,tolerated_low_confidence(0.24),0.76,benign(0),0.0
Gln1463Lys,tolerated_low_confidence(1),0.0,benign(0),0.0
Ile1464Leu,tolerated_low_confidence(0.09),0.91,possibly_damaging(0.712),0.712
Ile1464Thr,deleterious_low_confidence(0.02),0.98,benign(0.297),0.297
Ala1465Gly,tolerated_low_confidence(0.06),0.94,benign(0.021),0.021
Ala1466Ser,tolerated_low_confidence(0.5),0.5,benign(0.118),0.118
Thr1471Ile,deleterious_low_confidence(0),1.0,benign(0.197),0.197
Glu1472Val,deleterious_low_confidence(0),1.0,probably_damaging(0.999),0.999
Glu1473Lys,deleterious_low_confidence(0),1.0,benign(0.25),0.25
Glu1473Asp,tolerated_low_confidence(1),0.0,benign(0.003),0.003
Glu1474Val,deleterious_low_confidence(0),1.0,possibly_damaging(0.833),0.833
Val1475Leu,deleterious_low_confidence(0.03),0.97,benign(0.023),0.023
Val1475Ala,deleterious_low_confidence(0.02),0.98,benign(0.43),0.43
Gln1476Arg,deleterious_low_confidence(0),1.0,benign(0.151),0.151
Gln1476His,tolerated_low_confidence(0.34),0.66,benign(0.005),0.005
Asp1477Tyr,deleterious_low_confidence(0),1.0,possibly_damaging(0.662),0.662
Asp1477Val,deleterious_low_confidence(0),1.0,benign(0.321),0.321
Thr1478Lys,deleterious_low_confidence(0),1.0,probably_damaging(0.999),0.999
Thr1478Arg,deleterious_low_confidence(0),1.0,probably_damaging(0.999),0.999
Arg1479Lys,deleterious_low_confidence(0),1.0,possibly_damaging(0.816),0.816
Arg1479Ser,deleterious_low_confidence(0),1.0,probably_damaging(0.911),0.911
Leu1480Pro,deleterious_low_confidence(0),1.0,probably_damaging(0.999),0.999
